Arguments: 
  /usr/local/bin/node /usr/local/bin/yarn build

PATH: 
  /Users/shawn/.docker/bin:/Users/shawn/Library/pnpm:/usr/local/bin:/usr/bin:/bin:/usr/sbin:/sbin:/usr/local/go/bin:/usr/local/share/dotnet:~/.dotnet/tools:/Library/Apple/usr/bin:/Applications/Wireshark.app/Contents/MacOS:/Users/shawn/.dotnet/tools

Yarn version: 
  1.22.19

Node version: 
  18.20.4

Platform: 
  darwin x64

Trace: 
  SyntaxError: /Users/shawn/Desktop/web-music-button/package.json: Unexpected token / in JSON at position 149
      at JSON.parse (<anonymous>)
      at /Users/shawn/.config/yarn/global/node_modules/yarn/lib/cli.js:1629:59
      at Generator.next (<anonymous>)
      at step (/Users/shawn/.config/yarn/global/node_modules/yarn/lib/cli.js:310:30)
      at /Users/shawn/.config/yarn/global/node_modules/yarn/lib/cli.js:321:13

npm manifest: 
  {
    "name": "web-music-button",
    "version": "0.0.3",
    "description": "a button used for control web bgm ",
    "main": "dist/web-music-button.js",
    // "type": "module",
    "scripts": {
      "test": "echo \"Error: no test specified\" && exit 1",
      "build": "webpack",
      "server": "npx webpack serve",
      "babel": "babel src/x.js --out-file dist/x.mjs --presets=@babel/preset-env --plugins=@babel/plugin-transform-modules-commonjs"
    },
    "author": "Dong Songshan",
    "license": "ISC",
    "devDependencies": {
      "@babel/core": "^7.26.0",
      "@babel/cli": "^7.26.4",
      "@babel/preset-env": "^7.26.0",
      "@babel/plugin-transform-modules-commonjs": "^7.26.3",
      "webpack": "^5.97.1",
      "webpack-cli": "^6.0.1",
      "webpack-dev-server": "^5.2.0",
      "babel-loader": "^9.2.1",
      "css-loader": "^7.1.2",
      "mini-css-extract-plugin": "^2.9.2",
      "vite": "^6.0.7"
    },
    "dependencies": {
  
    }
  }

yarn manifest: 
  No manifest

Lockfile: 
  # THIS IS AN AUTOGENERATED FILE. DO NOT EDIT THIS FILE DIRECTLY.
  # yarn lockfile v1
  
  
  "@ampproject/remapping@^2.2.0":
    version "2.3.0"
    resolved "https://registry.yarnpkg.com/@ampproject/remapping/-/remapping-2.3.0.tgz#ed441b6fa600072520ce18b43d2c8cc8caecc7f4"
    integrity sha512-30iZtAPgz+LTIYoeivqYo853f02jBYSd5uGnGpkFV0M3xOt9aN73erkgYAmZU43x4VfqcnLxW9Kpg3R5LC4YYw==
    dependencies:
      "@jridgewell/gen-mapping" "^0.3.5"
      "@jridgewell/trace-mapping" "^0.3.24"
  
  "@babel/cli@^7.26.4":
    version "7.26.4"
    resolved "https://registry.npmjs.org/@babel/cli/-/cli-7.26.4.tgz#4101ff8ee5de8447a6c395397a97921056411d20"
    integrity sha512-+mORf3ezU3p3qr+82WvJSnQNE1GAYeoCfEv4fik6B5/2cvKZ75AX8oawWQdXtM9MmndooQj15Jr9kelRFWsuRw==
    dependencies:
      "@jridgewell/trace-mapping" "^0.3.25"
      commander "^6.2.0"
      convert-source-map "^2.0.0"
      fs-readdir-recursive "^1.1.0"
      glob "^7.2.0"
      make-dir "^2.1.0"
      slash "^2.0.0"
    optionalDependencies:
      "@nicolo-ribaudo/chokidar-2" "2.1.8-no-fsevents.3"
      chokidar "^3.6.0"
  
  "@babel/code-frame@^7.25.9", "@babel/code-frame@^7.26.0", "@babel/code-frame@^7.26.2":
    version "7.26.2"
    resolved "https://registry.npmjs.org/@babel/code-frame/-/code-frame-7.26.2.tgz#4b5fab97d33338eff916235055f0ebc21e573a85"
    integrity sha512-RJlIHRueQgwWitWgF8OdFYGZX328Ax5BCemNGlqHfplnRT9ESi8JkFlvaVYbS+UubVY6dpv87Fs2u5M29iNFVQ==
    dependencies:
      "@babel/helper-validator-identifier" "^7.25.9"
      js-tokens "^4.0.0"
      picocolors "^1.0.0"
  
  "@babel/compat-data@^7.22.6", "@babel/compat-data@^7.25.2":
    version "7.25.2"
    resolved "https://registry.yarnpkg.com/@babel/compat-data/-/compat-data-7.25.2.tgz#e41928bd33475305c586f6acbbb7e3ade7a6f7f5"
    integrity sha512-bYcppcpKBvX4znYaPEeFau03bp89ShqNMLs+rmdptMw+heSZh9+z84d2YG+K7cYLbWwzdjtDoW/uqZmPjulClQ==
  
  "@babel/compat-data@^7.25.9", "@babel/compat-data@^7.26.0":
    version "7.26.3"
    resolved "https://registry.npmjs.org/@babel/compat-data/-/compat-data-7.26.3.tgz#99488264a56b2aded63983abd6a417f03b92ed02"
    integrity sha512-nHIxvKPniQXpmQLb0vhY3VaFb3S0YrTAwpOWJZh1wn3oJPjJk9Asva204PsBdmAE8vpzfHudT8DB0scYvy9q0g==
  
  "@babel/core@^7.26.0":
    version "7.26.0"
    resolved "https://registry.npmjs.org/@babel/core/-/core-7.26.0.tgz#d78b6023cc8f3114ccf049eb219613f74a747b40"
    integrity sha512-i1SLeK+DzNnQ3LL/CswPCa/E5u4lh1k6IAEphON8F+cXt0t9euTshDru0q7/IqMa1PMPz5RnHuHscF8/ZJsStg==
    dependencies:
      "@ampproject/remapping" "^2.2.0"
      "@babel/code-frame" "^7.26.0"
      "@babel/generator" "^7.26.0"
      "@babel/helper-compilation-targets" "^7.25.9"
      "@babel/helper-module-transforms" "^7.26.0"
      "@babel/helpers" "^7.26.0"
      "@babel/parser" "^7.26.0"
      "@babel/template" "^7.25.9"
      "@babel/traverse" "^7.25.9"
      "@babel/types" "^7.26.0"
      convert-source-map "^2.0.0"
      debug "^4.1.0"
      gensync "^1.0.0-beta.2"
      json5 "^2.2.3"
      semver "^6.3.1"
  
  "@babel/generator@^7.26.0", "@babel/generator@^7.26.3":
    version "7.26.3"
    resolved "https://registry.npmjs.org/@babel/generator/-/generator-7.26.3.tgz#ab8d4360544a425c90c248df7059881f4b2ce019"
    integrity sha512-6FF/urZvD0sTeO7k6/B15pMLC4CHUv1426lzr3N01aHJTl046uCAh9LXW/fzeXXjPNCJ6iABW5XaWOsIZB93aQ==
    dependencies:
      "@babel/parser" "^7.26.3"
      "@babel/types" "^7.26.3"
      "@jridgewell/gen-mapping" "^0.3.5"
      "@jridgewell/trace-mapping" "^0.3.25"
      jsesc "^3.0.2"
  
  "@babel/helper-annotate-as-pure@^7.24.7":
    version "7.24.7"
    resolved "https://registry.yarnpkg.com/@babel/helper-annotate-as-pure/-/helper-annotate-as-pure-7.24.7.tgz#5373c7bc8366b12a033b4be1ac13a206c6656aab"
    integrity sha512-BaDeOonYvhdKw+JoMVkAixAAJzG2jVPIwWoKBPdYuY9b452e2rPuI9QPYh3KpofZ3pW2akOmwZLOiOsHMiqRAg==
    dependencies:
      "@babel/types" "^7.24.7"
  
  "@babel/helper-annotate-as-pure@^7.25.9":
    version "7.25.9"
    resolved "https://registry.npmjs.org/@babel/helper-annotate-as-pure/-/helper-annotate-as-pure-7.25.9.tgz#d8eac4d2dc0d7b6e11fa6e535332e0d3184f06b4"
    integrity sha512-gv7320KBUFJz1RnylIg5WWYPRXKZ884AGkYpgpWW02TH66Dl+HaC1t1CKd0z3R4b6hdYEcmrNZHUmfCP+1u3/g==
    dependencies:
      "@babel/types" "^7.25.9"
  
  "@babel/helper-compilation-targets@^7.22.6":
    version "7.25.2"
    resolved "https://registry.yarnpkg.com/@babel/helper-compilation-targets/-/helper-compilation-targets-7.25.2.tgz#e1d9410a90974a3a5a66e84ff55ef62e3c02d06c"
    integrity sha512-U2U5LsSaZ7TAt3cfaymQ8WHh0pxvdHoEk6HVpaexxixjyEquMh0L0YNJNM6CTGKMXV1iksi0iZkGw4AcFkPaaw==
    dependencies:
      "@babel/compat-data" "^7.25.2"
      "@babel/helper-validator-option" "^7.24.8"
      browserslist "^4.23.1"
      lru-cache "^5.1.1"
      semver "^6.3.1"
  
  "@babel/helper-compilation-targets@^7.25.9":
    version "7.25.9"
    resolved "https://registry.npmjs.org/@babel/helper-compilation-targets/-/helper-compilation-targets-7.25.9.tgz#55af025ce365be3cdc0c1c1e56c6af617ce88875"
    integrity sha512-j9Db8Suy6yV/VHa4qzrj9yZfZxhLWQdVnRlXxmKLYlhWUVB1sB2G5sxuWYXk/whHD9iW76PmNzxZ4UCnTQTVEQ==
    dependencies:
      "@babel/compat-data" "^7.25.9"
      "@babel/helper-validator-option" "^7.25.9"
      browserslist "^4.24.0"
      lru-cache "^5.1.1"
      semver "^6.3.1"
  
  "@babel/helper-create-class-features-plugin@^7.25.9":
    version "7.25.9"
    resolved "https://registry.npmjs.org/@babel/helper-create-class-features-plugin/-/helper-create-class-features-plugin-7.25.9.tgz#7644147706bb90ff613297d49ed5266bde729f83"
    integrity sha512-UTZQMvt0d/rSz6KI+qdu7GQze5TIajwTS++GUozlw8VBJDEOAqSXwm1WvmYEZwqdqSGQshRocPDqrt4HBZB3fQ==
    dependencies:
      "@babel/helper-annotate-as-pure" "^7.25.9"
      "@babel/helper-member-expression-to-functions" "^7.25.9"
      "@babel/helper-optimise-call-expression" "^7.25.9"
      "@babel/helper-replace-supers" "^7.25.9"
      "@babel/helper-skip-transparent-expression-wrappers" "^7.25.9"
      "@babel/traverse" "^7.25.9"
      semver "^6.3.1"
  
  "@babel/helper-create-regexp-features-plugin@^7.18.6":
    version "7.25.2"
    resolved "https://registry.yarnpkg.com/@babel/helper-create-regexp-features-plugin/-/helper-create-regexp-features-plugin-7.25.2.tgz#24c75974ed74183797ffd5f134169316cd1808d9"
    integrity sha512-+wqVGP+DFmqwFD3EH6TMTfUNeqDehV3E/dl+Sd54eaXqm17tEUNbEIn4sVivVowbvUpOtIGxdo3GoXyDH9N/9g==
    dependencies:
      "@babel/helper-annotate-as-pure" "^7.24.7"
      regexpu-core "^5.3.1"
      semver "^6.3.1"
  
  "@babel/helper-create-regexp-features-plugin@^7.25.9":
    version "7.26.3"
    resolved "https://registry.npmjs.org/@babel/helper-create-regexp-features-plugin/-/helper-create-regexp-features-plugin-7.26.3.tgz#5169756ecbe1d95f7866b90bb555b022595302a0"
    integrity sha512-G7ZRb40uUgdKOQqPLjfD12ZmGA54PzqDFUv2BKImnC9QIfGhIHKvVML0oN8IUiDq4iRqpq74ABpvOaerfWdong==
    dependencies:
      "@babel/helper-annotate-as-pure" "^7.25.9"
      regexpu-core "^6.2.0"
      semver "^6.3.1"
  
  "@babel/helper-define-polyfill-provider@^0.6.2":
    version "0.6.2"
    resolved "https://registry.yarnpkg.com/@babel/helper-define-polyfill-provider/-/helper-define-polyfill-provider-0.6.2.tgz#18594f789c3594acb24cfdb4a7f7b7d2e8bd912d"
    integrity sha512-LV76g+C502biUK6AyZ3LK10vDpDyCzZnhZFXkH1L75zHPj68+qc8Zfpx2th+gzwA2MzyK+1g/3EPl62yFnVttQ==
    dependencies:
      "@babel/helper-compilation-targets" "^7.22.6"
      "@babel/helper-plugin-utils" "^7.22.5"
      debug "^4.1.1"
      lodash.debounce "^4.0.8"
      resolve "^1.14.2"
  
  "@babel/helper-member-expression-to-functions@^7.25.9":
    version "7.25.9"
    resolved "https://registry.npmjs.org/@babel/helper-member-expression-to-functions/-/helper-member-expression-to-functions-7.25.9.tgz#9dfffe46f727005a5ea29051ac835fb735e4c1a3"
    integrity sha512-wbfdZ9w5vk0C0oyHqAJbc62+vet5prjj01jjJ8sKn3j9h3MQQlflEdXYvuqRWjHnM12coDEqiC1IRCi0U/EKwQ==
    dependencies:
      "@babel/traverse" "^7.25.9"
      "@babel/types" "^7.25.9"
  
  "@babel/helper-module-imports@^7.25.9":
    version "7.25.9"
    resolved "https://registry.npmjs.org/@babel/helper-module-imports/-/helper-module-imports-7.25.9.tgz#e7f8d20602ebdbf9ebbea0a0751fb0f2a4141715"
    integrity sha512-tnUA4RsrmflIM6W6RFTLFSXITtl0wKjgpnLgXyowocVPrbYrLUXSBXDgTs8BlbmIzIdlBySRQjINYs2BAkiLtw==
    dependencies:
      "@babel/traverse" "^7.25.9"
      "@babel/types" "^7.25.9"
  
  "@babel/helper-module-transforms@^7.25.9", "@babel/helper-module-transforms@^7.26.0":
    version "7.26.0"
    resolved "https://registry.npmjs.org/@babel/helper-module-transforms/-/helper-module-transforms-7.26.0.tgz#8ce54ec9d592695e58d84cd884b7b5c6a2fdeeae"
    integrity sha512-xO+xu6B5K2czEnQye6BHA7DolFFmS3LB7stHZFaOLb1pAwO1HWLS8fXA+eh0A2yIvltPVmx3eNNDBJA2SLHXFw==
    dependencies:
      "@babel/helper-module-imports" "^7.25.9"
      "@babel/helper-validator-identifier" "^7.25.9"
      "@babel/traverse" "^7.25.9"
  
  "@babel/helper-optimise-call-expression@^7.25.9":
    version "7.25.9"
    resolved "https://registry.npmjs.org/@babel/helper-optimise-call-expression/-/helper-optimise-call-expression-7.25.9.tgz#3324ae50bae7e2ab3c33f60c9a877b6a0146b54e"
    integrity sha512-FIpuNaz5ow8VyrYcnXQTDRGvV6tTjkNtCK/RYNDXGSLlUD6cBuQTSw43CShGxjvfBTfcUA/r6UhUCbtYqkhcuQ==
    dependencies:
      "@babel/types" "^7.25.9"
  
  "@babel/helper-plugin-utils@^7.0.0", "@babel/helper-plugin-utils@^7.18.6", "@babel/helper-plugin-utils@^7.22.5":
    version "7.24.8"
    resolved "https://registry.yarnpkg.com/@babel/helper-plugin-utils/-/helper-plugin-utils-7.24.8.tgz#94ee67e8ec0e5d44ea7baeb51e571bd26af07878"
    integrity sha512-FFWx5142D8h2Mgr/iPVGH5G7w6jDn4jUSpZTyDnQO0Yn7Ks2Kuz6Pci8H6MPCoUJegd/UZQ3tAvfLCxQSnWWwg==
  
  "@babel/helper-plugin-utils@^7.25.9":
    version "7.25.9"
    resolved "https://registry.npmjs.org/@babel/helper-plugin-utils/-/helper-plugin-utils-7.25.9.tgz#9cbdd63a9443a2c92a725cca7ebca12cc8dd9f46"
    integrity sha512-kSMlyUVdWe25rEsRGviIgOWnoT/nfABVWlqt9N19/dIPWViAOW2s9wznP5tURbs/IDuNk4gPy3YdYRgH3uxhBw==
  
  "@babel/helper-remap-async-to-generator@^7.25.9":
    version "7.25.9"
    resolved "https://registry.npmjs.org/@babel/helper-remap-async-to-generator/-/helper-remap-async-to-generator-7.25.9.tgz#e53956ab3d5b9fb88be04b3e2f31b523afd34b92"
    integrity sha512-IZtukuUeBbhgOcaW2s06OXTzVNJR0ybm4W5xC1opWFFJMZbwRj5LCk+ByYH7WdZPZTt8KnFwA8pvjN2yqcPlgw==
    dependencies:
      "@babel/helper-annotate-as-pure" "^7.25.9"
      "@babel/helper-wrap-function" "^7.25.9"
      "@babel/traverse" "^7.25.9"
  
  "@babel/helper-replace-supers@^7.25.9":
    version "7.25.9"
    resolved "https://registry.npmjs.org/@babel/helper-replace-supers/-/helper-replace-supers-7.25.9.tgz#ba447224798c3da3f8713fc272b145e33da6a5c5"
    integrity sha512-IiDqTOTBQy0sWyeXyGSC5TBJpGFXBkRynjBeXsvbhQFKj2viwJC76Epz35YLU1fpe/Am6Vppb7W7zM4fPQzLsQ==
    dependencies:
      "@babel/helper-member-expression-to-functions" "^7.25.9"
      "@babel/helper-optimise-call-expression" "^7.25.9"
      "@babel/traverse" "^7.25.9"
  
  "@babel/helper-skip-transparent-expression-wrappers@^7.25.9":
    version "7.25.9"
    resolved "https://registry.npmjs.org/@babel/helper-skip-transparent-expression-wrappers/-/helper-skip-transparent-expression-wrappers-7.25.9.tgz#0b2e1b62d560d6b1954893fd2b705dc17c91f0c9"
    integrity sha512-K4Du3BFa3gvyhzgPcntrkDgZzQaq6uozzcpGbOO1OEJaI+EJdqWIMTLgFgQf6lrfiDFo5FU+BxKepI9RmZqahA==
    dependencies:
      "@babel/traverse" "^7.25.9"
      "@babel/types" "^7.25.9"
  
  "@babel/helper-string-parser@^7.24.8":
    version "7.24.8"
    resolved "https://registry.yarnpkg.com/@babel/helper-string-parser/-/helper-string-parser-7.24.8.tgz#5b3329c9a58803d5df425e5785865881a81ca48d"
    integrity sha512-pO9KhhRcuUyGnJWwyEgnRJTSIZHiT+vMD0kPeD+so0l7mxkMT19g3pjY9GTnHySck/hDzq+dtW/4VgnMkippsQ==
  
  "@babel/helper-string-parser@^7.25.9":
    version "7.25.9"
    resolved "https://registry.npmjs.org/@babel/helper-string-parser/-/helper-string-parser-7.25.9.tgz#1aabb72ee72ed35789b4bbcad3ca2862ce614e8c"
    integrity sha512-4A/SCr/2KLd5jrtOMFzaKjVtAei3+2r/NChoBNoZ3EyP/+GlhoaEGoWOZUmFmoITP7zOJyHIMm+DYRd8o3PvHA==
  
  "@babel/helper-validator-identifier@^7.24.7":
    version "7.24.7"
    resolved "https://registry.yarnpkg.com/@babel/helper-validator-identifier/-/helper-validator-identifier-7.24.7.tgz#75b889cfaf9e35c2aaf42cf0d72c8e91719251db"
    integrity sha512-rR+PBcQ1SMQDDyF6X0wxtG8QyLCgUB0eRAGguqRLfkCA87l7yAP7ehq8SNj96OOGTO8OBV70KhuFYcIkHXOg0w==
  
  "@babel/helper-validator-identifier@^7.25.9":
    version "7.25.9"
    resolved "https://registry.npmjs.org/@babel/helper-validator-identifier/-/helper-validator-identifier-7.25.9.tgz#24b64e2c3ec7cd3b3c547729b8d16871f22cbdc7"
    integrity sha512-Ed61U6XJc3CVRfkERJWDz4dJwKe7iLmmJsbOGu9wSloNSFttHV0I8g6UAgb7qnK5ly5bGLPd4oXZlxCdANBOWQ==
  
  "@babel/helper-validator-option@^7.24.8":
    version "7.24.8"
    resolved "https://registry.yarnpkg.com/@babel/helper-validator-option/-/helper-validator-option-7.24.8.tgz#3725cdeea8b480e86d34df15304806a06975e33d"
    integrity sha512-xb8t9tD1MHLungh/AIoWYN+gVHaB9kwlu8gffXGSt3FFEIT7RjS+xWbc2vUD1UTZdIpKj/ab3rdqJ7ufngyi2Q==
  
  "@babel/helper-validator-option@^7.25.9":
    version "7.25.9"
    resolved "https://registry.npmjs.org/@babel/helper-validator-option/-/helper-validator-option-7.25.9.tgz#86e45bd8a49ab7e03f276577f96179653d41da72"
    integrity sha512-e/zv1co8pp55dNdEcCynfj9X7nyUKUXoUEwfXqaZt0omVOmDe9oOTdKStH4GmAw6zxMFs50ZayuMfHDKlO7Tfw==
  
  "@babel/helper-wrap-function@^7.25.9":
    version "7.25.9"
    resolved "https://registry.npmjs.org/@babel/helper-wrap-function/-/helper-wrap-function-7.25.9.tgz#d99dfd595312e6c894bd7d237470025c85eea9d0"
    integrity sha512-ETzz9UTjQSTmw39GboatdymDq4XIQbR8ySgVrylRhPOFpsd+JrKHIuF0de7GCWmem+T4uC5z7EZguod7Wj4A4g==
    dependencies:
      "@babel/template" "^7.25.9"
      "@babel/traverse" "^7.25.9"
      "@babel/types" "^7.25.9"
  
  "@babel/helpers@^7.26.0":
    version "7.26.0"
    resolved "https://registry.npmjs.org/@babel/helpers/-/helpers-7.26.0.tgz#30e621f1eba5aa45fe6f4868d2e9154d884119a4"
    integrity sha512-tbhNuIxNcVb21pInl3ZSjksLCvgdZy9KwJ8brv993QtIVKJBBkYXz4q4ZbAv31GdnC+R90np23L5FbEBlthAEw==
    dependencies:
      "@babel/template" "^7.25.9"
      "@babel/types" "^7.26.0"
  
  "@babel/parser@^7.25.9", "@babel/parser@^7.26.0", "@babel/parser@^7.26.3":
    version "7.26.3"
    resolved "https://registry.npmjs.org/@babel/parser/-/parser-7.26.3.tgz#8c51c5db6ddf08134af1ddbacf16aaab48bac234"
    integrity sha512-WJ/CvmY8Mea8iDXo6a7RK2wbmJITT5fN3BEkRuFlxVyNx8jOKIIhmC4fSkTcPcf8JyavbBwIe6OpiCOBXt/IcA==
    dependencies:
      "@babel/types" "^7.26.3"
  
  "@babel/plugin-bugfix-firefox-class-in-computed-class-key@^7.25.9":
    version "7.25.9"
    resolved "https://registry.npmjs.org/@babel/plugin-bugfix-firefox-class-in-computed-class-key/-/plugin-bugfix-firefox-class-in-computed-class-key-7.25.9.tgz#cc2e53ebf0a0340777fff5ed521943e253b4d8fe"
    integrity sha512-ZkRyVkThtxQ/J6nv3JFYv1RYY+JT5BvU0y3k5bWrmuG4woXypRa4PXmm9RhOwodRkYFWqC0C0cqcJ4OqR7kW+g==
    dependencies:
      "@babel/helper-plugin-utils" "^7.25.9"
      "@babel/traverse" "^7.25.9"
  
  "@babel/plugin-bugfix-safari-class-field-initializer-scope@^7.25.9":
    version "7.25.9"
    resolved "https://registry.npmjs.org/@babel/plugin-bugfix-safari-class-field-initializer-scope/-/plugin-bugfix-safari-class-field-initializer-scope-7.25.9.tgz#af9e4fb63ccb8abcb92375b2fcfe36b60c774d30"
    integrity sha512-MrGRLZxLD/Zjj0gdU15dfs+HH/OXvnw/U4jJD8vpcP2CJQapPEv1IWwjc/qMg7ItBlPwSv1hRBbb7LeuANdcnw==
    dependencies:
      "@babel/helper-plugin-utils" "^7.25.9"
  
  "@babel/plugin-bugfix-safari-id-destructuring-collision-in-function-expression@^7.25.9":
    version "7.25.9"
    resolved "https://registry.npmjs.org/@babel/plugin-bugfix-safari-id-destructuring-collision-in-function-expression/-/plugin-bugfix-safari-id-destructuring-collision-in-function-expression-7.25.9.tgz#e8dc26fcd616e6c5bf2bd0d5a2c151d4f92a9137"
    integrity sha512-2qUwwfAFpJLZqxd02YW9btUCZHl+RFvdDkNfZwaIJrvB8Tesjsk8pEQkTvGwZXLqXUx/2oyY3ySRhm6HOXuCug==
    dependencies:
      "@babel/helper-plugin-utils" "^7.25.9"
  
  "@babel/plugin-bugfix-v8-spread-parameters-in-optional-chaining@^7.25.9":
    version "7.25.9"
    resolved "https://registry.npmjs.org/@babel/plugin-bugfix-v8-spread-parameters-in-optional-chaining/-/plugin-bugfix-v8-spread-parameters-in-optional-chaining-7.25.9.tgz#807a667f9158acac6f6164b4beb85ad9ebc9e1d1"
    integrity sha512-6xWgLZTJXwilVjlnV7ospI3xi+sl8lN8rXXbBD6vYn3UYDlGsag8wrZkKcSI8G6KgqKP7vNFaDgeDnfAABq61g==
    dependencies:
      "@babel/helper-plugin-utils" "^7.25.9"
      "@babel/helper-skip-transparent-expression-wrappers" "^7.25.9"
      "@babel/plugin-transform-optional-chaining" "^7.25.9"
  
  "@babel/plugin-bugfix-v8-static-class-fields-redefine-readonly@^7.25.9":
    version "7.25.9"
    resolved "https://registry.npmjs.org/@babel/plugin-bugfix-v8-static-class-fields-redefine-readonly/-/plugin-bugfix-v8-static-class-fields-redefine-readonly-7.25.9.tgz#de7093f1e7deaf68eadd7cc6b07f2ab82543269e"
    integrity sha512-aLnMXYPnzwwqhYSCyXfKkIkYgJ8zv9RK+roo9DkTXz38ynIhd9XCbN08s3MGvqL2MYGVUGdRQLL/JqBIeJhJBg==
    dependencies:
      "@babel/helper-plugin-utils" "^7.25.9"
      "@babel/traverse" "^7.25.9"
  
  "@babel/plugin-proposal-private-property-in-object@7.21.0-placeholder-for-preset-env.2":
    version "7.21.0-placeholder-for-preset-env.2"
    resolved "https://registry.yarnpkg.com/@babel/plugin-proposal-private-property-in-object/-/plugin-proposal-private-property-in-object-7.21.0-placeholder-for-preset-env.2.tgz#7844f9289546efa9febac2de4cfe358a050bd703"
    integrity sha512-SOSkfJDddaM7mak6cPEpswyTRnuRltl429hMraQEglW+OkovnCzsiszTmsrlY//qLFjCpQDFRvjdm2wA5pPm9w==
  
  "@babel/plugin-syntax-import-assertions@^7.26.0":
    version "7.26.0"
    resolved "https://registry.npmjs.org/@babel/plugin-syntax-import-assertions/-/plugin-syntax-import-assertions-7.26.0.tgz#620412405058efa56e4a564903b79355020f445f"
    integrity sha512-QCWT5Hh830hK5EQa7XzuqIkQU9tT/whqbDz7kuaZMHFl1inRRg7JnuAEOQ0Ur0QUl0NufCk1msK2BeY79Aj/eg==
    dependencies:
      "@babel/helper-plugin-utils" "^7.25.9"
  
  "@babel/plugin-syntax-import-attributes@^7.26.0":
    version "7.26.0"
    resolved "https://registry.npmjs.org/@babel/plugin-syntax-import-attributes/-/plugin-syntax-import-attributes-7.26.0.tgz#3b1412847699eea739b4f2602c74ce36f6b0b0f7"
    integrity sha512-e2dttdsJ1ZTpi3B9UYGLw41hifAubg19AtCu/2I/F1QNVclOBr1dYpTdmdyZ84Xiz43BS/tCUkMAZNLv12Pi+A==
    dependencies:
      "@babel/helper-plugin-utils" "^7.25.9"
  
  "@babel/plugin-syntax-unicode-sets-regex@^7.18.6":
    version "7.18.6"
    resolved "https://registry.yarnpkg.com/@babel/plugin-syntax-unicode-sets-regex/-/plugin-syntax-unicode-sets-regex-7.18.6.tgz#d49a3b3e6b52e5be6740022317580234a6a47357"
    integrity sha512-727YkEAPwSIQTv5im8QHz3upqp92JTWhidIC81Tdx4VJYIte/VndKf1qKrfnnhPLiPghStWfvC/iFaMCQu7Nqg==
    dependencies:
      "@babel/helper-create-regexp-features-plugin" "^7.18.6"
      "@babel/helper-plugin-utils" "^7.18.6"
  
  "@babel/plugin-transform-arrow-functions@^7.25.9":
    version "7.25.9"
    resolved "https://registry.npmjs.org/@babel/plugin-transform-arrow-functions/-/plugin-transform-arrow-functions-7.25.9.tgz#7821d4410bee5daaadbb4cdd9a6649704e176845"
    integrity sha512-6jmooXYIwn9ca5/RylZADJ+EnSxVUS5sjeJ9UPk6RWRzXCmOJCy6dqItPJFpw2cuCangPK4OYr5uhGKcmrm5Qg==
    dependencies:
      "@babel/helper-plugin-utils" "^7.25.9"
  
  "@babel/plugin-transform-async-generator-functions@^7.25.9":
    version "7.25.9"
    resolved "https://registry.npmjs.org/@babel/plugin-transform-async-generator-functions/-/plugin-transform-async-generator-functions-7.25.9.tgz#1b18530b077d18a407c494eb3d1d72da505283a2"
    integrity sha512-RXV6QAzTBbhDMO9fWwOmwwTuYaiPbggWQ9INdZqAYeSHyG7FzQ+nOZaUUjNwKv9pV3aE4WFqFm1Hnbci5tBCAw==
    dependencies:
      "@babel/helper-plugin-utils" "^7.25.9"
      "@babel/helper-remap-async-to-generator" "^7.25.9"
      "@babel/traverse" "^7.25.9"
  
  "@babel/plugin-transform-async-to-generator@^7.25.9":
    version "7.25.9"
    resolved "https://registry.npmjs.org/@babel/plugin-transform-async-to-generator/-/plugin-transform-async-to-generator-7.25.9.tgz#c80008dacae51482793e5a9c08b39a5be7e12d71"
    integrity sha512-NT7Ejn7Z/LjUH0Gv5KsBCxh7BH3fbLTV0ptHvpeMvrt3cPThHfJfst9Wrb7S8EvJ7vRTFI7z+VAvFVEQn/m5zQ==
    dependencies:
      "@babel/helper-module-imports" "^7.25.9"
      "@babel/helper-plugin-utils" "^7.25.9"
      "@babel/helper-remap-async-to-generator" "^7.25.9"
  
  "@babel/plugin-transform-block-scoped-functions@^7.25.9":
    version "7.25.9"
    resolved "https://registry.npmjs.org/@babel/plugin-transform-block-scoped-functions/-/plugin-transform-block-scoped-functions-7.25.9.tgz#5700691dbd7abb93de300ca7be94203764fce458"
    integrity sha512-toHc9fzab0ZfenFpsyYinOX0J/5dgJVA2fm64xPewu7CoYHWEivIWKxkK2rMi4r3yQqLnVmheMXRdG+k239CgA==
    dependencies:
      "@babel/helper-plugin-utils" "^7.25.9"
  
  "@babel/plugin-transform-block-scoping@^7.25.9":
    version "7.25.9"
    resolved "https://registry.npmjs.org/@babel/plugin-transform-block-scoping/-/plugin-transform-block-scoping-7.25.9.tgz#c33665e46b06759c93687ca0f84395b80c0473a1"
    integrity sha512-1F05O7AYjymAtqbsFETboN1NvBdcnzMerO+zlMyJBEz6WkMdejvGWw9p05iTSjC85RLlBseHHQpYaM4gzJkBGg==
    dependencies:
      "@babel/helper-plugin-utils" "^7.25.9"
  
  "@babel/plugin-transform-class-properties@^7.25.9":
    version "7.25.9"
    resolved "https://registry.npmjs.org/@babel/plugin-transform-class-properties/-/plugin-transform-class-properties-7.25.9.tgz#a8ce84fedb9ad512549984101fa84080a9f5f51f"
    integrity sha512-bbMAII8GRSkcd0h0b4X+36GksxuheLFjP65ul9w6C3KgAamI3JqErNgSrosX6ZPj+Mpim5VvEbawXxJCyEUV3Q==
    dependencies:
      "@babel/helper-create-class-features-plugin" "^7.25.9"
      "@babel/helper-plugin-utils" "^7.25.9"
  
  "@babel/plugin-transform-class-static-block@^7.26.0":
    version "7.26.0"
    resolved "https://registry.npmjs.org/@babel/plugin-transform-class-static-block/-/plugin-transform-class-static-block-7.26.0.tgz#6c8da219f4eb15cae9834ec4348ff8e9e09664a0"
    integrity sha512-6J2APTs7BDDm+UMqP1useWqhcRAXo0WIoVj26N7kPFB6S73Lgvyka4KTZYIxtgYXiN5HTyRObA72N2iu628iTQ==
    dependencies:
      "@babel/helper-create-class-features-plugin" "^7.25.9"
      "@babel/helper-plugin-utils" "^7.25.9"
  
  "@babel/plugin-transform-classes@^7.25.9":
    version "7.25.9"
    resolved "https://registry.npmjs.org/@babel/plugin-transform-classes/-/plugin-transform-classes-7.25.9.tgz#7152457f7880b593a63ade8a861e6e26a4469f52"
    integrity sha512-mD8APIXmseE7oZvZgGABDyM34GUmK45Um2TXiBUt7PnuAxrgoSVf123qUzPxEr/+/BHrRn5NMZCdE2m/1F8DGg==
    dependencies:
      "@babel/helper-annotate-as-pure" "^7.25.9"
      "@babel/helper-compilation-targets" "^7.25.9"
      "@babel/helper-plugin-utils" "^7.25.9"
      "@babel/helper-replace-supers" "^7.25.9"
      "@babel/traverse" "^7.25.9"
      globals "^11.1.0"
  
  "@babel/plugin-transform-computed-properties@^7.25.9":
    version "7.25.9"
    resolved "https://registry.npmjs.org/@babel/plugin-transform-computed-properties/-/plugin-transform-computed-properties-7.25.9.tgz#db36492c78460e534b8852b1d5befe3c923ef10b"
    integrity sha512-HnBegGqXZR12xbcTHlJ9HGxw1OniltT26J5YpfruGqtUHlz/xKf/G2ak9e+t0rVqrjXa9WOhvYPz1ERfMj23AA==
    dependencies:
      "@babel/helper-plugin-utils" "^7.25.9"
      "@babel/template" "^7.25.9"
  
  "@babel/plugin-transform-destructuring@^7.25.9":
    version "7.25.9"
    resolved "https://registry.npmjs.org/@babel/plugin-transform-destructuring/-/plugin-transform-destructuring-7.25.9.tgz#966ea2595c498224340883602d3cfd7a0c79cea1"
    integrity sha512-WkCGb/3ZxXepmMiX101nnGiU+1CAdut8oHyEOHxkKuS1qKpU2SMXE2uSvfz8PBuLd49V6LEsbtyPhWC7fnkgvQ==
    dependencies:
      "@babel/helper-plugin-utils" "^7.25.9"
  
  "@babel/plugin-transform-dotall-regex@^7.25.9":
    version "7.25.9"
    resolved "https://registry.npmjs.org/@babel/plugin-transform-dotall-regex/-/plugin-transform-dotall-regex-7.25.9.tgz#bad7945dd07734ca52fe3ad4e872b40ed09bb09a"
    integrity sha512-t7ZQ7g5trIgSRYhI9pIJtRl64KHotutUJsh4Eze5l7olJv+mRSg4/MmbZ0tv1eeqRbdvo/+trvJD/Oc5DmW2cA==
    dependencies:
      "@babel/helper-create-regexp-features-plugin" "^7.25.9"
      "@babel/helper-plugin-utils" "^7.25.9"
  
  "@babel/plugin-transform-duplicate-keys@^7.25.9":
    version "7.25.9"
    resolved "https://registry.npmjs.org/@babel/plugin-transform-duplicate-keys/-/plugin-transform-duplicate-keys-7.25.9.tgz#8850ddf57dce2aebb4394bb434a7598031059e6d"
    integrity sha512-LZxhJ6dvBb/f3x8xwWIuyiAHy56nrRG3PeYTpBkkzkYRRQ6tJLu68lEF5VIqMUZiAV7a8+Tb78nEoMCMcqjXBw==
    dependencies:
      "@babel/helper-plugin-utils" "^7.25.9"
  
  "@babel/plugin-transform-duplicate-named-capturing-groups-regex@^7.25.9":
    version "7.25.9"
    resolved "https://registry.npmjs.org/@babel/plugin-transform-duplicate-named-capturing-groups-regex/-/plugin-transform-duplicate-named-capturing-groups-regex-7.25.9.tgz#6f7259b4de127721a08f1e5165b852fcaa696d31"
    integrity sha512-0UfuJS0EsXbRvKnwcLjFtJy/Sxc5J5jhLHnFhy7u4zih97Hz6tJkLU+O+FMMrNZrosUPxDi6sYxJ/EA8jDiAog==
    dependencies:
      "@babel/helper-create-regexp-features-plugin" "^7.25.9"
      "@babel/helper-plugin-utils" "^7.25.9"
  
  "@babel/plugin-transform-dynamic-import@^7.25.9":
    version "7.25.9"
    resolved "https://registry.npmjs.org/@babel/plugin-transform-dynamic-import/-/plugin-transform-dynamic-import-7.25.9.tgz#23e917de63ed23c6600c5dd06d94669dce79f7b8"
    integrity sha512-GCggjexbmSLaFhqsojeugBpeaRIgWNTcgKVq/0qIteFEqY2A+b9QidYadrWlnbWQUrW5fn+mCvf3tr7OeBFTyg==
    dependencies:
      "@babel/helper-plugin-utils" "^7.25.9"
  
  "@babel/plugin-transform-exponentiation-operator@^7.25.9":
    version "7.26.3"
    resolved "https://registry.npmjs.org/@babel/plugin-transform-exponentiation-operator/-/plugin-transform-exponentiation-operator-7.26.3.tgz#e29f01b6de302c7c2c794277a48f04a9ca7f03bc"
    integrity sha512-7CAHcQ58z2chuXPWblnn1K6rLDnDWieghSOEmqQsrBenH0P9InCUtOJYD89pvngljmZlJcz3fcmgYsXFNGa1ZQ==
    dependencies:
      "@babel/helper-plugin-utils" "^7.25.9"
  
  "@babel/plugin-transform-export-namespace-from@^7.25.9":
    version "7.25.9"
    resolved "https://registry.npmjs.org/@babel/plugin-transform-export-namespace-from/-/plugin-transform-export-namespace-from-7.25.9.tgz#90745fe55053394f554e40584cda81f2c8a402a2"
    integrity sha512-2NsEz+CxzJIVOPx2o9UsW1rXLqtChtLoVnwYHHiB04wS5sgn7mrV45fWMBX0Kk+ub9uXytVYfNP2HjbVbCB3Ww==
    dependencies:
      "@babel/helper-plugin-utils" "^7.25.9"
  
  "@babel/plugin-transform-for-of@^7.25.9":
    version "7.25.9"
    resolved "https://registry.npmjs.org/@babel/plugin-transform-for-of/-/plugin-transform-for-of-7.25.9.tgz#4bdc7d42a213397905d89f02350c5267866d5755"
    integrity sha512-LqHxduHoaGELJl2uhImHwRQudhCM50pT46rIBNvtT/Oql3nqiS3wOwP+5ten7NpYSXrrVLgtZU3DZmPtWZo16A==
    dependencies:
      "@babel/helper-plugin-utils" "^7.25.9"
      "@babel/helper-skip-transparent-expression-wrappers" "^7.25.9"
  
  "@babel/plugin-transform-function-name@^7.25.9":
    version "7.25.9"
    resolved "https://registry.npmjs.org/@babel/plugin-transform-function-name/-/plugin-transform-function-name-7.25.9.tgz#939d956e68a606661005bfd550c4fc2ef95f7b97"
    integrity sha512-8lP+Yxjv14Vc5MuWBpJsoUCd3hD6V9DgBon2FVYL4jJgbnVQ9fTgYmonchzZJOVNgzEgbxp4OwAf6xz6M/14XA==
    dependencies:
      "@babel/helper-compilation-targets" "^7.25.9"
      "@babel/helper-plugin-utils" "^7.25.9"
      "@babel/traverse" "^7.25.9"
  
  "@babel/plugin-transform-json-strings@^7.25.9":
    version "7.25.9"
    resolved "https://registry.npmjs.org/@babel/plugin-transform-json-strings/-/plugin-transform-json-strings-7.25.9.tgz#c86db407cb827cded902a90c707d2781aaa89660"
    integrity sha512-xoTMk0WXceiiIvsaquQQUaLLXSW1KJ159KP87VilruQm0LNNGxWzahxSS6T6i4Zg3ezp4vA4zuwiNUR53qmQAw==
    dependencies:
      "@babel/helper-plugin-utils" "^7.25.9"
  
  "@babel/plugin-transform-literals@^7.25.9":
    version "7.25.9"
    resolved "https://registry.npmjs.org/@babel/plugin-transform-literals/-/plugin-transform-literals-7.25.9.tgz#1a1c6b4d4aa59bc4cad5b6b3a223a0abd685c9de"
    integrity sha512-9N7+2lFziW8W9pBl2TzaNht3+pgMIRP74zizeCSrtnSKVdUl8mAjjOP2OOVQAfZ881P2cNjDj1uAMEdeD50nuQ==
    dependencies:
      "@babel/helper-plugin-utils" "^7.25.9"
  
  "@babel/plugin-transform-logical-assignment-operators@^7.25.9":
    version "7.25.9"
    resolved "https://registry.npmjs.org/@babel/plugin-transform-logical-assignment-operators/-/plugin-transform-logical-assignment-operators-7.25.9.tgz#b19441a8c39a2fda0902900b306ea05ae1055db7"
    integrity sha512-wI4wRAzGko551Y8eVf6iOY9EouIDTtPb0ByZx+ktDGHwv6bHFimrgJM/2T021txPZ2s4c7bqvHbd+vXG6K948Q==
    dependencies:
      "@babel/helper-plugin-utils" "^7.25.9"
  
  "@babel/plugin-transform-member-expression-literals@^7.25.9":
    version "7.25.9"
    resolved "https://registry.npmjs.org/@babel/plugin-transform-member-expression-literals/-/plugin-transform-member-expression-literals-7.25.9.tgz#63dff19763ea64a31f5e6c20957e6a25e41ed5de"
    integrity sha512-PYazBVfofCQkkMzh2P6IdIUaCEWni3iYEerAsRWuVd8+jlM1S9S9cz1dF9hIzyoZ8IA3+OwVYIp9v9e+GbgZhA==
    dependencies:
      "@babel/helper-plugin-utils" "^7.25.9"
  
  "@babel/plugin-transform-modules-amd@^7.25.9":
    version "7.25.9"
    resolved "https://registry.npmjs.org/@babel/plugin-transform-modules-amd/-/plugin-transform-modules-amd-7.25.9.tgz#49ba478f2295101544abd794486cd3088dddb6c5"
    integrity sha512-g5T11tnI36jVClQlMlt4qKDLlWnG5pP9CSM4GhdRciTNMRgkfpo5cR6b4rGIOYPgRRuFAvwjPQ/Yk+ql4dyhbw==
    dependencies:
      "@babel/helper-module-transforms" "^7.25.9"
      "@babel/helper-plugin-utils" "^7.25.9"
  
  "@babel/plugin-transform-modules-commonjs@^7.25.9", "@babel/plugin-transform-modules-commonjs@^7.26.3":
    version "7.26.3"
    resolved "https://registry.npmjs.org/@babel/plugin-transform-modules-commonjs/-/plugin-transform-modules-commonjs-7.26.3.tgz#8f011d44b20d02c3de44d8850d971d8497f981fb"
    integrity sha512-MgR55l4q9KddUDITEzEFYn5ZsGDXMSsU9E+kh7fjRXTIC3RHqfCo8RPRbyReYJh44HQ/yomFkqbOFohXvDCiIQ==
    dependencies:
      "@babel/helper-module-transforms" "^7.26.0"
      "@babel/helper-plugin-utils" "^7.25.9"
  
  "@babel/plugin-transform-modules-systemjs@^7.25.9":
    version "7.25.9"
    resolved "https://registry.npmjs.org/@babel/plugin-transform-modules-systemjs/-/plugin-transform-modules-systemjs-7.25.9.tgz#8bd1b43836269e3d33307151a114bcf3ba6793f8"
    integrity sha512-hyss7iIlH/zLHaehT+xwiymtPOpsiwIIRlCAOwBB04ta5Tt+lNItADdlXw3jAWZ96VJ2jlhl/c+PNIQPKNfvcA==
    dependencies:
      "@babel/helper-module-transforms" "^7.25.9"
      "@babel/helper-plugin-utils" "^7.25.9"
      "@babel/helper-validator-identifier" "^7.25.9"
      "@babel/traverse" "^7.25.9"
  
  "@babel/plugin-transform-modules-umd@^7.25.9":
    version "7.25.9"
    resolved "https://registry.npmjs.org/@babel/plugin-transform-modules-umd/-/plugin-transform-modules-umd-7.25.9.tgz#6710079cdd7c694db36529a1e8411e49fcbf14c9"
    integrity sha512-bS9MVObUgE7ww36HEfwe6g9WakQ0KF07mQF74uuXdkoziUPfKyu/nIm663kz//e5O1nPInPFx36z7WJmJ4yNEw==
    dependencies:
      "@babel/helper-module-transforms" "^7.25.9"
      "@babel/helper-plugin-utils" "^7.25.9"
  
  "@babel/plugin-transform-named-capturing-groups-regex@^7.25.9":
    version "7.25.9"
    resolved "https://registry.npmjs.org/@babel/plugin-transform-named-capturing-groups-regex/-/plugin-transform-named-capturing-groups-regex-7.25.9.tgz#454990ae6cc22fd2a0fa60b3a2c6f63a38064e6a"
    integrity sha512-oqB6WHdKTGl3q/ItQhpLSnWWOpjUJLsOCLVyeFgeTktkBSCiurvPOsyt93gibI9CmuKvTUEtWmG5VhZD+5T/KA==
    dependencies:
      "@babel/helper-create-regexp-features-plugin" "^7.25.9"
      "@babel/helper-plugin-utils" "^7.25.9"
  
  "@babel/plugin-transform-new-target@^7.25.9":
    version "7.25.9"
    resolved "https://registry.npmjs.org/@babel/plugin-transform-new-target/-/plugin-transform-new-target-7.25.9.tgz#42e61711294b105c248336dcb04b77054ea8becd"
    integrity sha512-U/3p8X1yCSoKyUj2eOBIx3FOn6pElFOKvAAGf8HTtItuPyB+ZeOqfn+mvTtg9ZlOAjsPdK3ayQEjqHjU/yLeVQ==
    dependencies:
      "@babel/helper-plugin-utils" "^7.25.9"
  
  "@babel/plugin-transform-nullish-coalescing-operator@^7.25.9":
    version "7.25.9"
    resolved "https://registry.npmjs.org/@babel/plugin-transform-nullish-coalescing-operator/-/plugin-transform-nullish-coalescing-operator-7.25.9.tgz#bcb1b0d9e948168102d5f7104375ca21c3266949"
    integrity sha512-ENfftpLZw5EItALAD4WsY/KUWvhUlZndm5GC7G3evUsVeSJB6p0pBeLQUnRnBCBx7zV0RKQjR9kCuwrsIrjWog==
    dependencies:
      "@babel/helper-plugin-utils" "^7.25.9"
  
  "@babel/plugin-transform-numeric-separator@^7.25.9":
    version "7.25.9"
    resolved "https://registry.npmjs.org/@babel/plugin-transform-numeric-separator/-/plugin-transform-numeric-separator-7.25.9.tgz#bfed75866261a8b643468b0ccfd275f2033214a1"
    integrity sha512-TlprrJ1GBZ3r6s96Yq8gEQv82s8/5HnCVHtEJScUj90thHQbwe+E5MLhi2bbNHBEJuzrvltXSru+BUxHDoog7Q==
    dependencies:
      "@babel/helper-plugin-utils" "^7.25.9"
  
  "@babel/plugin-transform-object-rest-spread@^7.25.9":
    version "7.25.9"
    resolved "https://registry.npmjs.org/@babel/plugin-transform-object-rest-spread/-/plugin-transform-object-rest-spread-7.25.9.tgz#0203725025074164808bcf1a2cfa90c652c99f18"
    integrity sha512-fSaXafEE9CVHPweLYw4J0emp1t8zYTXyzN3UuG+lylqkvYd7RMrsOQ8TYx5RF231be0vqtFC6jnx3UmpJmKBYg==
    dependencies:
      "@babel/helper-compilation-targets" "^7.25.9"
      "@babel/helper-plugin-utils" "^7.25.9"
      "@babel/plugin-transform-parameters" "^7.25.9"
  
  "@babel/plugin-transform-object-super@^7.25.9":
    version "7.25.9"
    resolved "https://registry.npmjs.org/@babel/plugin-transform-object-super/-/plugin-transform-object-super-7.25.9.tgz#385d5de135162933beb4a3d227a2b7e52bb4cf03"
    integrity sha512-Kj/Gh+Rw2RNLbCK1VAWj2U48yxxqL2x0k10nPtSdRa0O2xnHXalD0s+o1A6a0W43gJ00ANo38jxkQreckOzv5A==
    dependencies:
      "@babel/helper-plugin-utils" "^7.25.9"
      "@babel/helper-replace-supers" "^7.25.9"
  
  "@babel/plugin-transform-optional-catch-binding@^7.25.9":
    version "7.25.9"
    resolved "https://registry.npmjs.org/@babel/plugin-transform-optional-catch-binding/-/plugin-transform-optional-catch-binding-7.25.9.tgz#10e70d96d52bb1f10c5caaac59ac545ea2ba7ff3"
    integrity sha512-qM/6m6hQZzDcZF3onzIhZeDHDO43bkNNlOX0i8n3lR6zLbu0GN2d8qfM/IERJZYauhAHSLHy39NF0Ctdvcid7g==
    dependencies:
      "@babel/helper-plugin-utils" "^7.25.9"
  
  "@babel/plugin-transform-optional-chaining@^7.25.9":
    version "7.25.9"
    resolved "https://registry.npmjs.org/@babel/plugin-transform-optional-chaining/-/plugin-transform-optional-chaining-7.25.9.tgz#e142eb899d26ef715435f201ab6e139541eee7dd"
    integrity sha512-6AvV0FsLULbpnXeBjrY4dmWF8F7gf8QnvTEoO/wX/5xm/xE1Xo8oPuD3MPS+KS9f9XBEAWN7X1aWr4z9HdOr7A==
    dependencies:
      "@babel/helper-plugin-utils" "^7.25.9"
      "@babel/helper-skip-transparent-expression-wrappers" "^7.25.9"
  
  "@babel/plugin-transform-parameters@^7.25.9":
    version "7.25.9"
    resolved "https://registry.npmjs.org/@babel/plugin-transform-parameters/-/plugin-transform-parameters-7.25.9.tgz#b856842205b3e77e18b7a7a1b94958069c7ba257"
    integrity sha512-wzz6MKwpnshBAiRmn4jR8LYz/g8Ksg0o80XmwZDlordjwEk9SxBzTWC7F5ef1jhbrbOW2DJ5J6ayRukrJmnr0g==
    dependencies:
      "@babel/helper-plugin-utils" "^7.25.9"
  
  "@babel/plugin-transform-private-methods@^7.25.9":
    version "7.25.9"
    resolved "https://registry.npmjs.org/@babel/plugin-transform-private-methods/-/plugin-transform-private-methods-7.25.9.tgz#847f4139263577526455d7d3223cd8bda51e3b57"
    integrity sha512-D/JUozNpQLAPUVusvqMxyvjzllRaF8/nSrP1s2YGQT/W4LHK4xxsMcHjhOGTS01mp9Hda8nswb+FblLdJornQw==
    dependencies:
      "@babel/helper-create-class-features-plugin" "^7.25.9"
      "@babel/helper-plugin-utils" "^7.25.9"
  
  "@babel/plugin-transform-private-property-in-object@^7.25.9":
    version "7.25.9"
    resolved "https://registry.npmjs.org/@babel/plugin-transform-private-property-in-object/-/plugin-transform-private-property-in-object-7.25.9.tgz#9c8b73e64e6cc3cbb2743633885a7dd2c385fe33"
    integrity sha512-Evf3kcMqzXA3xfYJmZ9Pg1OvKdtqsDMSWBDzZOPLvHiTt36E75jLDQo5w1gtRU95Q4E5PDttrTf25Fw8d/uWLw==
    dependencies:
      "@babel/helper-annotate-as-pure" "^7.25.9"
      "@babel/helper-create-class-features-plugin" "^7.25.9"
      "@babel/helper-plugin-utils" "^7.25.9"
  
  "@babel/plugin-transform-property-literals@^7.25.9":
    version "7.25.9"
    resolved "https://registry.npmjs.org/@babel/plugin-transform-property-literals/-/plugin-transform-property-literals-7.25.9.tgz#d72d588bd88b0dec8b62e36f6fda91cedfe28e3f"
    integrity sha512-IvIUeV5KrS/VPavfSM/Iu+RE6llrHrYIKY1yfCzyO/lMXHQ+p7uGhonmGVisv6tSBSVgWzMBohTcvkC9vQcQFA==
    dependencies:
      "@babel/helper-plugin-utils" "^7.25.9"
  
  "@babel/plugin-transform-regenerator@^7.25.9":
    version "7.25.9"
    resolved "https://registry.npmjs.org/@babel/plugin-transform-regenerator/-/plugin-transform-regenerator-7.25.9.tgz#03a8a4670d6cebae95305ac6defac81ece77740b"
    integrity sha512-vwDcDNsgMPDGP0nMqzahDWE5/MLcX8sv96+wfX7as7LoF/kr97Bo/7fI00lXY4wUXYfVmwIIyG80fGZ1uvt2qg==
    dependencies:
      "@babel/helper-plugin-utils" "^7.25.9"
      regenerator-transform "^0.15.2"
  
  "@babel/plugin-transform-regexp-modifiers@^7.26.0":
    version "7.26.0"
    resolved "https://registry.npmjs.org/@babel/plugin-transform-regexp-modifiers/-/plugin-transform-regexp-modifiers-7.26.0.tgz#2f5837a5b5cd3842a919d8147e9903cc7455b850"
    integrity sha512-vN6saax7lrA2yA/Pak3sCxuD6F5InBjn9IcrIKQPjpsLvuHYLVroTxjdlVRHjjBWxKOqIwpTXDkOssYT4BFdRw==
    dependencies:
      "@babel/helper-create-regexp-features-plugin" "^7.25.9"
      "@babel/helper-plugin-utils" "^7.25.9"
  
  "@babel/plugin-transform-reserved-words@^7.25.9":
    version "7.25.9"
    resolved "https://registry.npmjs.org/@babel/plugin-transform-reserved-words/-/plugin-transform-reserved-words-7.25.9.tgz#0398aed2f1f10ba3f78a93db219b27ef417fb9ce"
    integrity sha512-7DL7DKYjn5Su++4RXu8puKZm2XBPHyjWLUidaPEkCUBbE7IPcsrkRHggAOOKydH1dASWdcUBxrkOGNxUv5P3Jg==
    dependencies:
      "@babel/helper-plugin-utils" "^7.25.9"
  
  "@babel/plugin-transform-shorthand-properties@^7.25.9":
    version "7.25.9"
    resolved "https://registry.npmjs.org/@babel/plugin-transform-shorthand-properties/-/plugin-transform-shorthand-properties-7.25.9.tgz#bb785e6091f99f826a95f9894fc16fde61c163f2"
    integrity sha512-MUv6t0FhO5qHnS/W8XCbHmiRWOphNufpE1IVxhK5kuN3Td9FT1x4rx4K42s3RYdMXCXpfWkGSbCSd0Z64xA7Ng==
    dependencies:
      "@babel/helper-plugin-utils" "^7.25.9"
  
  "@babel/plugin-transform-spread@^7.25.9":
    version "7.25.9"
    resolved "https://registry.npmjs.org/@babel/plugin-transform-spread/-/plugin-transform-spread-7.25.9.tgz#24a35153931b4ba3d13cec4a7748c21ab5514ef9"
    integrity sha512-oNknIB0TbURU5pqJFVbOOFspVlrpVwo2H1+HUIsVDvp5VauGGDP1ZEvO8Nn5xyMEs3dakajOxlmkNW7kNgSm6A==
    dependencies:
      "@babel/helper-plugin-utils" "^7.25.9"
      "@babel/helper-skip-transparent-expression-wrappers" "^7.25.9"
  
  "@babel/plugin-transform-sticky-regex@^7.25.9":
    version "7.25.9"
    resolved "https://registry.npmjs.org/@babel/plugin-transform-sticky-regex/-/plugin-transform-sticky-regex-7.25.9.tgz#c7f02b944e986a417817b20ba2c504dfc1453d32"
    integrity sha512-WqBUSgeVwucYDP9U/xNRQam7xV8W5Zf+6Eo7T2SRVUFlhRiMNFdFz58u0KZmCVVqs2i7SHgpRnAhzRNmKfi2uA==
    dependencies:
      "@babel/helper-plugin-utils" "^7.25.9"
  
  "@babel/plugin-transform-template-literals@^7.25.9":
    version "7.25.9"
    resolved "https://registry.npmjs.org/@babel/plugin-transform-template-literals/-/plugin-transform-template-literals-7.25.9.tgz#6dbd4a24e8fad024df76d1fac6a03cf413f60fe1"
    integrity sha512-o97AE4syN71M/lxrCtQByzphAdlYluKPDBzDVzMmfCobUjjhAryZV0AIpRPrxN0eAkxXO6ZLEScmt+PNhj2OTw==
    dependencies:
      "@babel/helper-plugin-utils" "^7.25.9"
  
  "@babel/plugin-transform-typeof-symbol@^7.25.9":
    version "7.25.9"
    resolved "https://registry.npmjs.org/@babel/plugin-transform-typeof-symbol/-/plugin-transform-typeof-symbol-7.25.9.tgz#224ba48a92869ddbf81f9b4a5f1204bbf5a2bc4b"
    integrity sha512-v61XqUMiueJROUv66BVIOi0Fv/CUuZuZMl5NkRoCVxLAnMexZ0A3kMe7vvZ0nulxMuMp0Mk6S5hNh48yki08ZA==
    dependencies:
      "@babel/helper-plugin-utils" "^7.25.9"
  
  "@babel/plugin-transform-unicode-escapes@^7.25.9":
    version "7.25.9"
    resolved "https://registry.npmjs.org/@babel/plugin-transform-unicode-escapes/-/plugin-transform-unicode-escapes-7.25.9.tgz#a75ef3947ce15363fccaa38e2dd9bc70b2788b82"
    integrity sha512-s5EDrE6bW97LtxOcGj1Khcx5AaXwiMmi4toFWRDP9/y0Woo6pXC+iyPu/KuhKtfSrNFd7jJB+/fkOtZy6aIC6Q==
    dependencies:
      "@babel/helper-plugin-utils" "^7.25.9"
  
  "@babel/plugin-transform-unicode-property-regex@^7.25.9":
    version "7.25.9"
    resolved "https://registry.npmjs.org/@babel/plugin-transform-unicode-property-regex/-/plugin-transform-unicode-property-regex-7.25.9.tgz#a901e96f2c1d071b0d1bb5dc0d3c880ce8f53dd3"
    integrity sha512-Jt2d8Ga+QwRluxRQ307Vlxa6dMrYEMZCgGxoPR8V52rxPyldHu3hdlHspxaqYmE7oID5+kB+UKUB/eWS+DkkWg==
    dependencies:
      "@babel/helper-create-regexp-features-plugin" "^7.25.9"
      "@babel/helper-plugin-utils" "^7.25.9"
  
  "@babel/plugin-transform-unicode-regex@^7.25.9":
    version "7.25.9"
    resolved "https://registry.npmjs.org/@babel/plugin-transform-unicode-regex/-/plugin-transform-unicode-regex-7.25.9.tgz#5eae747fe39eacf13a8bd006a4fb0b5d1fa5e9b1"
    integrity sha512-yoxstj7Rg9dlNn9UQxzk4fcNivwv4nUYz7fYXBaKxvw/lnmPuOm/ikoELygbYq68Bls3D/D+NBPHiLwZdZZ4HA==
    dependencies:
      "@babel/helper-create-regexp-features-plugin" "^7.25.9"
      "@babel/helper-plugin-utils" "^7.25.9"
  
  "@babel/plugin-transform-unicode-sets-regex@^7.25.9":
    version "7.25.9"
    resolved "https://registry.npmjs.org/@babel/plugin-transform-unicode-sets-regex/-/plugin-transform-unicode-sets-regex-7.25.9.tgz#65114c17b4ffc20fa5b163c63c70c0d25621fabe"
    integrity sha512-8BYqO3GeVNHtx69fdPshN3fnzUNLrWdHhk/icSwigksJGczKSizZ+Z6SBCxTs723Fr5VSNorTIK7a+R2tISvwQ==
    dependencies:
      "@babel/helper-create-regexp-features-plugin" "^7.25.9"
      "@babel/helper-plugin-utils" "^7.25.9"
  
  "@babel/preset-env@^7.26.0":
    version "7.26.0"
    resolved "https://registry.npmjs.org/@babel/preset-env/-/preset-env-7.26.0.tgz#30e5c6bc1bcc54865bff0c5a30f6d4ccdc7fa8b1"
    integrity sha512-H84Fxq0CQJNdPFT2DrfnylZ3cf5K43rGfWK4LJGPpjKHiZlk0/RzwEus3PDDZZg+/Er7lCA03MVacueUuXdzfw==
    dependencies:
      "@babel/compat-data" "^7.26.0"
      "@babel/helper-compilation-targets" "^7.25.9"
      "@babel/helper-plugin-utils" "^7.25.9"
      "@babel/helper-validator-option" "^7.25.9"
      "@babel/plugin-bugfix-firefox-class-in-computed-class-key" "^7.25.9"
      "@babel/plugin-bugfix-safari-class-field-initializer-scope" "^7.25.9"
      "@babel/plugin-bugfix-safari-id-destructuring-collision-in-function-expression" "^7.25.9"
      "@babel/plugin-bugfix-v8-spread-parameters-in-optional-chaining" "^7.25.9"
      "@babel/plugin-bugfix-v8-static-class-fields-redefine-readonly" "^7.25.9"
      "@babel/plugin-proposal-private-property-in-object" "7.21.0-placeholder-for-preset-env.2"
      "@babel/plugin-syntax-import-assertions" "^7.26.0"
      "@babel/plugin-syntax-import-attributes" "^7.26.0"
      "@babel/plugin-syntax-unicode-sets-regex" "^7.18.6"
      "@babel/plugin-transform-arrow-functions" "^7.25.9"
      "@babel/plugin-transform-async-generator-functions" "^7.25.9"
      "@babel/plugin-transform-async-to-generator" "^7.25.9"
      "@babel/plugin-transform-block-scoped-functions" "^7.25.9"
      "@babel/plugin-transform-block-scoping" "^7.25.9"
      "@babel/plugin-transform-class-properties" "^7.25.9"
      "@babel/plugin-transform-class-static-block" "^7.26.0"
      "@babel/plugin-transform-classes" "^7.25.9"
      "@babel/plugin-transform-computed-properties" "^7.25.9"
      "@babel/plugin-transform-destructuring" "^7.25.9"
      "@babel/plugin-transform-dotall-regex" "^7.25.9"
      "@babel/plugin-transform-duplicate-keys" "^7.25.9"
      "@babel/plugin-transform-duplicate-named-capturing-groups-regex" "^7.25.9"
      "@babel/plugin-transform-dynamic-import" "^7.25.9"
      "@babel/plugin-transform-exponentiation-operator" "^7.25.9"
      "@babel/plugin-transform-export-namespace-from" "^7.25.9"
      "@babel/plugin-transform-for-of" "^7.25.9"
      "@babel/plugin-transform-function-name" "^7.25.9"
      "@babel/plugin-transform-json-strings" "^7.25.9"
      "@babel/plugin-transform-literals" "^7.25.9"
      "@babel/plugin-transform-logical-assignment-operators" "^7.25.9"
      "@babel/plugin-transform-member-expression-literals" "^7.25.9"
      "@babel/plugin-transform-modules-amd" "^7.25.9"
      "@babel/plugin-transform-modules-commonjs" "^7.25.9"
      "@babel/plugin-transform-modules-systemjs" "^7.25.9"
      "@babel/plugin-transform-modules-umd" "^7.25.9"
      "@babel/plugin-transform-named-capturing-groups-regex" "^7.25.9"
      "@babel/plugin-transform-new-target" "^7.25.9"
      "@babel/plugin-transform-nullish-coalescing-operator" "^7.25.9"
      "@babel/plugin-transform-numeric-separator" "^7.25.9"
      "@babel/plugin-transform-object-rest-spread" "^7.25.9"
      "@babel/plugin-transform-object-super" "^7.25.9"
      "@babel/plugin-transform-optional-catch-binding" "^7.25.9"
      "@babel/plugin-transform-optional-chaining" "^7.25.9"
      "@babel/plugin-transform-parameters" "^7.25.9"
      "@babel/plugin-transform-private-methods" "^7.25.9"
      "@babel/plugin-transform-private-property-in-object" "^7.25.9"
      "@babel/plugin-transform-property-literals" "^7.25.9"
      "@babel/plugin-transform-regenerator" "^7.25.9"
      "@babel/plugin-transform-regexp-modifiers" "^7.26.0"
      "@babel/plugin-transform-reserved-words" "^7.25.9"
      "@babel/plugin-transform-shorthand-properties" "^7.25.9"
      "@babel/plugin-transform-spread" "^7.25.9"
      "@babel/plugin-transform-sticky-regex" "^7.25.9"
      "@babel/plugin-transform-template-literals" "^7.25.9"
      "@babel/plugin-transform-typeof-symbol" "^7.25.9"
      "@babel/plugin-transform-unicode-escapes" "^7.25.9"
      "@babel/plugin-transform-unicode-property-regex" "^7.25.9"
      "@babel/plugin-transform-unicode-regex" "^7.25.9"
      "@babel/plugin-transform-unicode-sets-regex" "^7.25.9"
      "@babel/preset-modules" "0.1.6-no-external-plugins"
      babel-plugin-polyfill-corejs2 "^0.4.10"
      babel-plugin-polyfill-corejs3 "^0.10.6"
      babel-plugin-polyfill-regenerator "^0.6.1"
      core-js-compat "^3.38.1"
      semver "^6.3.1"
  
  "@babel/preset-modules@0.1.6-no-external-plugins":
    version "0.1.6-no-external-plugins"
    resolved "https://registry.yarnpkg.com/@babel/preset-modules/-/preset-modules-0.1.6-no-external-plugins.tgz#ccb88a2c49c817236861fee7826080573b8a923a"
    integrity sha512-HrcgcIESLm9aIR842yhJ5RWan/gebQUJ6E/E5+rf0y9o6oj7w0Br+sWuL6kEQ/o/AdfvR1Je9jG18/gnpwjEyA==
    dependencies:
      "@babel/helper-plugin-utils" "^7.0.0"
      "@babel/types" "^7.4.4"
      esutils "^2.0.2"
  
  "@babel/regjsgen@^0.8.0":
    version "0.8.0"
    resolved "https://registry.yarnpkg.com/@babel/regjsgen/-/regjsgen-0.8.0.tgz#f0ba69b075e1f05fb2825b7fad991e7adbb18310"
    integrity sha512-x/rqGMdzj+fWZvCOYForTghzbtqPDZ5gPwaoNGHdgDfF2QA/XZbCBp4Moo5scrkAMPhB7z26XM/AaHuIJdgauA==
  
  "@babel/runtime@^7.8.4":
    version "7.25.0"
    resolved "https://registry.yarnpkg.com/@babel/runtime/-/runtime-7.25.0.tgz#3af9a91c1b739c569d5d80cc917280919c544ecb"
    integrity sha512-7dRy4DwXwtzBrPbZflqxnvfxLF8kdZXPkhymtDeFoFqE6ldzjQFgYTtYIFARcLEYDrqfBfYcZt1WqFxRoyC9Rw==
    dependencies:
      regenerator-runtime "^0.14.0"
  
  "@babel/template@^7.25.9":
    version "7.25.9"
    resolved "https://registry.npmjs.org/@babel/template/-/template-7.25.9.tgz#ecb62d81a8a6f5dc5fe8abfc3901fc52ddf15016"
    integrity sha512-9DGttpmPvIxBb/2uwpVo3dqJ+O6RooAFOS+lB+xDqoE2PVCE8nfoHMdZLpfCQRLwvohzXISPZcgxt80xLfsuwg==
    dependencies:
      "@babel/code-frame" "^7.25.9"
      "@babel/parser" "^7.25.9"
      "@babel/types" "^7.25.9"
  
  "@babel/traverse@^7.25.9":
    version "7.26.4"
    resolved "https://registry.npmjs.org/@babel/traverse/-/traverse-7.26.4.tgz#ac3a2a84b908dde6d463c3bfa2c5fdc1653574bd"
    integrity sha512-fH+b7Y4p3yqvApJALCPJcwb0/XaOSgtK4pzV6WVjPR5GLFQBRI7pfoX2V2iM48NXvX07NUxxm1Vw98YjqTcU5w==
    dependencies:
      "@babel/code-frame" "^7.26.2"
      "@babel/generator" "^7.26.3"
      "@babel/parser" "^7.26.3"
      "@babel/template" "^7.25.9"
      "@babel/types" "^7.26.3"
      debug "^4.3.1"
      globals "^11.1.0"
  
  "@babel/types@^7.24.7", "@babel/types@^7.4.4":
    version "7.25.2"
    resolved "https://registry.yarnpkg.com/@babel/types/-/types-7.25.2.tgz#55fb231f7dc958cd69ea141a4c2997e819646125"
    integrity sha512-YTnYtra7W9e6/oAZEHj0bJehPRUlLH9/fbpT5LfB0NhQXyALCRkRs3zH9v07IYhkgpqX6Z78FnuccZr/l4Fs4Q==
    dependencies:
      "@babel/helper-string-parser" "^7.24.8"
      "@babel/helper-validator-identifier" "^7.24.7"
      to-fast-properties "^2.0.0"
  
  "@babel/types@^7.25.9", "@babel/types@^7.26.0", "@babel/types@^7.26.3":
    version "7.26.3"
    resolved "https://registry.npmjs.org/@babel/types/-/types-7.26.3.tgz#37e79830f04c2b5687acc77db97fbc75fb81f3c0"
    integrity sha512-vN5p+1kl59GVKMvTHt55NzzmYVxprfJD+ql7U9NFIfKCBkYE55LYtS+WtPlaYOyzydrKI8Nezd+aZextrd+FMA==
    dependencies:
      "@babel/helper-string-parser" "^7.25.9"
      "@babel/helper-validator-identifier" "^7.25.9"
  
  "@discoveryjs/json-ext@^0.6.1":
    version "0.6.3"
    resolved "https://registry.npmjs.org/@discoveryjs/json-ext/-/json-ext-0.6.3.tgz#f13c7c205915eb91ae54c557f5e92bddd8be0e83"
    integrity sha512-4B4OijXeVNOPZlYA2oEwWOTkzyltLao+xbotHQeqN++Rv27Y6s818+n2Qkp8q+Fxhn0t/5lA5X1Mxktud8eayQ==
  
  "@esbuild/aix-ppc64@0.24.2":
    version "0.24.2"
    resolved "https://registry.npmjs.org/@esbuild/aix-ppc64/-/aix-ppc64-0.24.2.tgz#38848d3e25afe842a7943643cbcd387cc6e13461"
    integrity sha512-thpVCb/rhxE/BnMLQ7GReQLLN8q9qbHmI55F4489/ByVg2aQaQ6kbcLb6FHkocZzQhxc4gx0sCk0tJkKBFzDhA==
  
  "@esbuild/android-arm64@0.24.2":
    version "0.24.2"
    resolved "https://registry.npmjs.org/@esbuild/android-arm64/-/android-arm64-0.24.2.tgz#f592957ae8b5643129fa889c79e69cd8669bb894"
    integrity sha512-cNLgeqCqV8WxfcTIOeL4OAtSmL8JjcN6m09XIgro1Wi7cF4t/THaWEa7eL5CMoMBdjoHOTh/vwTO/o2TRXIyzg==
  
  "@esbuild/android-arm@0.24.2":
    version "0.24.2"
    resolved "https://registry.npmjs.org/@esbuild/android-arm/-/android-arm-0.24.2.tgz#72d8a2063aa630308af486a7e5cbcd1e134335b3"
    integrity sha512-tmwl4hJkCfNHwFB3nBa8z1Uy3ypZpxqxfTQOcHX+xRByyYgunVbZ9MzUUfb0RxaHIMnbHagwAxuTL+tnNM+1/Q==
  
  "@esbuild/android-x64@0.24.2":
    version "0.24.2"
    resolved "https://registry.npmjs.org/@esbuild/android-x64/-/android-x64-0.24.2.tgz#9a7713504d5f04792f33be9c197a882b2d88febb"
    integrity sha512-B6Q0YQDqMx9D7rvIcsXfmJfvUYLoP722bgfBlO5cGvNVb5V/+Y7nhBE3mHV9OpxBf4eAS2S68KZztiPaWq4XYw==
  
  "@esbuild/darwin-arm64@0.24.2":
    version "0.24.2"
    resolved "https://registry.npmjs.org/@esbuild/darwin-arm64/-/darwin-arm64-0.24.2.tgz#02ae04ad8ebffd6e2ea096181b3366816b2b5936"
    integrity sha512-kj3AnYWc+CekmZnS5IPu9D+HWtUI49hbnyqk0FLEJDbzCIQt7hg7ucF1SQAilhtYpIujfaHr6O0UHlzzSPdOeA==
  
  "@esbuild/darwin-x64@0.24.2":
    version "0.24.2"
    resolved "https://registry.npmjs.org/@esbuild/darwin-x64/-/darwin-x64-0.24.2.tgz#9ec312bc29c60e1b6cecadc82bd504d8adaa19e9"
    integrity sha512-WeSrmwwHaPkNR5H3yYfowhZcbriGqooyu3zI/3GGpF8AyUdsrrP0X6KumITGA9WOyiJavnGZUwPGvxvwfWPHIA==
  
  "@esbuild/freebsd-arm64@0.24.2":
    version "0.24.2"
    resolved "https://registry.npmjs.org/@esbuild/freebsd-arm64/-/freebsd-arm64-0.24.2.tgz#5e82f44cb4906d6aebf24497d6a068cfc152fa00"
    integrity sha512-UN8HXjtJ0k/Mj6a9+5u6+2eZ2ERD7Edt1Q9IZiB5UZAIdPnVKDoG7mdTVGhHJIeEml60JteamR3qhsr1r8gXvg==
  
  "@esbuild/freebsd-x64@0.24.2":
    version "0.24.2"
    resolved "https://registry.npmjs.org/@esbuild/freebsd-x64/-/freebsd-x64-0.24.2.tgz#3fb1ce92f276168b75074b4e51aa0d8141ecce7f"
    integrity sha512-TvW7wE/89PYW+IevEJXZ5sF6gJRDY/14hyIGFXdIucxCsbRmLUcjseQu1SyTko+2idmCw94TgyaEZi9HUSOe3Q==
  
  "@esbuild/linux-arm64@0.24.2":
    version "0.24.2"
    resolved "https://registry.npmjs.org/@esbuild/linux-arm64/-/linux-arm64-0.24.2.tgz#856b632d79eb80aec0864381efd29de8fd0b1f43"
    integrity sha512-7HnAD6074BW43YvvUmE/35Id9/NB7BeX5EoNkK9obndmZBUk8xmJJeU7DwmUeN7tkysslb2eSl6CTrYz6oEMQg==
  
  "@esbuild/linux-arm@0.24.2":
    version "0.24.2"
    resolved "https://registry.npmjs.org/@esbuild/linux-arm/-/linux-arm-0.24.2.tgz#c846b4694dc5a75d1444f52257ccc5659021b736"
    integrity sha512-n0WRM/gWIdU29J57hJyUdIsk0WarGd6To0s+Y+LwvlC55wt+GT/OgkwoXCXvIue1i1sSNWblHEig00GBWiJgfA==
  
  "@esbuild/linux-ia32@0.24.2":
    version "0.24.2"
    resolved "https://registry.npmjs.org/@esbuild/linux-ia32/-/linux-ia32-0.24.2.tgz#f8a16615a78826ccbb6566fab9a9606cfd4a37d5"
    integrity sha512-sfv0tGPQhcZOgTKO3oBE9xpHuUqguHvSo4jl+wjnKwFpapx+vUDcawbwPNuBIAYdRAvIDBfZVvXprIj3HA+Ugw==
  
  "@esbuild/linux-loong64@0.24.2":
    version "0.24.2"
    resolved "https://registry.npmjs.org/@esbuild/linux-loong64/-/linux-loong64-0.24.2.tgz#1c451538c765bf14913512c76ed8a351e18b09fc"
    integrity sha512-CN9AZr8kEndGooS35ntToZLTQLHEjtVB5n7dl8ZcTZMonJ7CCfStrYhrzF97eAecqVbVJ7APOEe18RPI4KLhwQ==
  
  "@esbuild/linux-mips64el@0.24.2":
    version "0.24.2"
    resolved "https://registry.npmjs.org/@esbuild/linux-mips64el/-/linux-mips64el-0.24.2.tgz#0846edeefbc3d8d50645c51869cc64401d9239cb"
    integrity sha512-iMkk7qr/wl3exJATwkISxI7kTcmHKE+BlymIAbHO8xanq/TjHaaVThFF6ipWzPHryoFsesNQJPE/3wFJw4+huw==
  
  "@esbuild/linux-ppc64@0.24.2":
    version "0.24.2"
    resolved "https://registry.npmjs.org/@esbuild/linux-ppc64/-/linux-ppc64-0.24.2.tgz#8e3fc54505671d193337a36dfd4c1a23b8a41412"
    integrity sha512-shsVrgCZ57Vr2L8mm39kO5PPIb+843FStGt7sGGoqiiWYconSxwTiuswC1VJZLCjNiMLAMh34jg4VSEQb+iEbw==
  
  "@esbuild/linux-riscv64@0.24.2":
    version "0.24.2"
    resolved "https://registry.npmjs.org/@esbuild/linux-riscv64/-/linux-riscv64-0.24.2.tgz#6a1e92096d5e68f7bb10a0d64bb5b6d1daf9a694"
    integrity sha512-4eSFWnU9Hhd68fW16GD0TINewo1L6dRrB+oLNNbYyMUAeOD2yCK5KXGK1GH4qD/kT+bTEXjsyTCiJGHPZ3eM9Q==
  
  "@esbuild/linux-s390x@0.24.2":
    version "0.24.2"
    resolved "https://registry.npmjs.org/@esbuild/linux-s390x/-/linux-s390x-0.24.2.tgz#ab18e56e66f7a3c49cb97d337cd0a6fea28a8577"
    integrity sha512-S0Bh0A53b0YHL2XEXC20bHLuGMOhFDO6GN4b3YjRLK//Ep3ql3erpNcPlEFed93hsQAjAQDNsvcK+hV90FubSw==
  
  "@esbuild/linux-x64@0.24.2":
    version "0.24.2"
    resolved "https://registry.npmjs.org/@esbuild/linux-x64/-/linux-x64-0.24.2.tgz#8140c9b40da634d380b0b29c837a0b4267aff38f"
    integrity sha512-8Qi4nQcCTbLnK9WoMjdC9NiTG6/E38RNICU6sUNqK0QFxCYgoARqVqxdFmWkdonVsvGqWhmm7MO0jyTqLqwj0Q==
  
  "@esbuild/netbsd-arm64@0.24.2":
    version "0.24.2"
    resolved "https://registry.npmjs.org/@esbuild/netbsd-arm64/-/netbsd-arm64-0.24.2.tgz#65f19161432bafb3981f5f20a7ff45abb2e708e6"
    integrity sha512-wuLK/VztRRpMt9zyHSazyCVdCXlpHkKm34WUyinD2lzK07FAHTq0KQvZZlXikNWkDGoT6x3TD51jKQ7gMVpopw==
  
  "@esbuild/netbsd-x64@0.24.2":
    version "0.24.2"
    resolved "https://registry.npmjs.org/@esbuild/netbsd-x64/-/netbsd-x64-0.24.2.tgz#7a3a97d77abfd11765a72f1c6f9b18f5396bcc40"
    integrity sha512-VefFaQUc4FMmJuAxmIHgUmfNiLXY438XrL4GDNV1Y1H/RW3qow68xTwjZKfj/+Plp9NANmzbH5R40Meudu8mmw==
  
  "@esbuild/openbsd-arm64@0.24.2":
    version "0.24.2"
    resolved "https://registry.npmjs.org/@esbuild/openbsd-arm64/-/openbsd-arm64-0.24.2.tgz#58b00238dd8f123bfff68d3acc53a6ee369af89f"
    integrity sha512-YQbi46SBct6iKnszhSvdluqDmxCJA+Pu280Av9WICNwQmMxV7nLRHZfjQzwbPs3jeWnuAhE9Jy0NrnJ12Oz+0A==
  
  "@esbuild/openbsd-x64@0.24.2":
    version "0.24.2"
    resolved "https://registry.npmjs.org/@esbuild/openbsd-x64/-/openbsd-x64-0.24.2.tgz#0ac843fda0feb85a93e288842936c21a00a8a205"
    integrity sha512-+iDS6zpNM6EnJyWv0bMGLWSWeXGN/HTaF/LXHXHwejGsVi+ooqDfMCCTerNFxEkM3wYVcExkeGXNqshc9iMaOA==
  
  "@esbuild/sunos-x64@0.24.2":
    version "0.24.2"
    resolved "https://registry.npmjs.org/@esbuild/sunos-x64/-/sunos-x64-0.24.2.tgz#8b7aa895e07828d36c422a4404cc2ecf27fb15c6"
    integrity sha512-hTdsW27jcktEvpwNHJU4ZwWFGkz2zRJUz8pvddmXPtXDzVKTTINmlmga3ZzwcuMpUvLw7JkLy9QLKyGpD2Yxig==
  
  "@esbuild/win32-arm64@0.24.2":
    version "0.24.2"
    resolved "https://registry.npmjs.org/@esbuild/win32-arm64/-/win32-arm64-0.24.2.tgz#c023afb647cabf0c3ed13f0eddfc4f1d61c66a85"
    integrity sha512-LihEQ2BBKVFLOC9ZItT9iFprsE9tqjDjnbulhHoFxYQtQfai7qfluVODIYxt1PgdoyQkz23+01rzwNwYfutxUQ==
  
  "@esbuild/win32-ia32@0.24.2":
    version "0.24.2"
    resolved "https://registry.npmjs.org/@esbuild/win32-ia32/-/win32-ia32-0.24.2.tgz#96c356132d2dda990098c8b8b951209c3cd743c2"
    integrity sha512-q+iGUwfs8tncmFC9pcnD5IvRHAzmbwQ3GPS5/ceCyHdjXubwQWI12MKWSNSMYLJMq23/IUCvJMS76PDqXe1fxA==
  
  "@esbuild/win32-x64@0.24.2":
    version "0.24.2"
    resolved "https://registry.npmjs.org/@esbuild/win32-x64/-/win32-x64-0.24.2.tgz#34aa0b52d0fbb1a654b596acfa595f0c7b77a77b"
    integrity sha512-7VTgWzgMGvup6aSqDPLiW5zHaxYJGTO4OokMjIlrCtf+VpEL+cXKtCvg723iguPYI5oaUNdS+/V7OU2gvXVWEg==
  
  "@jridgewell/gen-mapping@^0.3.5":
    version "0.3.5"
    resolved "https://registry.yarnpkg.com/@jridgewell/gen-mapping/-/gen-mapping-0.3.5.tgz#dcce6aff74bdf6dad1a95802b69b04a2fcb1fb36"
    integrity sha512-IzL8ZoEDIBRWEzlCcRhOaCupYyN5gdIK+Q6fbFdPDg6HqX6jpkItn7DFIpW9LQzXG6Df9sA7+OKnq0qlz/GaQg==
    dependencies:
      "@jridgewell/set-array" "^1.2.1"
      "@jridgewell/sourcemap-codec" "^1.4.10"
      "@jridgewell/trace-mapping" "^0.3.24"
  
  "@jridgewell/resolve-uri@^3.1.0":
    version "3.1.2"
    resolved "https://registry.yarnpkg.com/@jridgewell/resolve-uri/-/resolve-uri-3.1.2.tgz#7a0ee601f60f99a20c7c7c5ff0c80388c1189bd6"
    integrity sha512-bRISgCIjP20/tbWSPWMEi54QVPRZExkuD9lJL+UIxUKtwVJA8wW1Trb1jMs1RFXo1CBTNZ/5hpC9QvmKWdopKw==
  
  "@jridgewell/set-array@^1.2.1":
    version "1.2.1"
    resolved "https://registry.yarnpkg.com/@jridgewell/set-array/-/set-array-1.2.1.tgz#558fb6472ed16a4c850b889530e6b36438c49280"
    integrity sha512-R8gLRTZeyp03ymzP/6Lil/28tGeGEzhx1q2k703KGWRAI1VdvPIXdG70VJc2pAMw3NA6JKL5hhFu1sJX0Mnn/A==
  
  "@jridgewell/source-map@^0.3.3":
    version "0.3.6"
    resolved "https://registry.yarnpkg.com/@jridgewell/source-map/-/source-map-0.3.6.tgz#9d71ca886e32502eb9362c9a74a46787c36df81a"
    integrity sha512-1ZJTZebgqllO79ue2bm3rIGud/bOe0pP5BjSRCRxxYkEZS8STV7zN84UBbiYu7jy+eCKSnVIUgoWWE/tt+shMQ==
    dependencies:
      "@jridgewell/gen-mapping" "^0.3.5"
      "@jridgewell/trace-mapping" "^0.3.25"
  
  "@jridgewell/sourcemap-codec@^1.4.10", "@jridgewell/sourcemap-codec@^1.4.14":
    version "1.5.0"
    resolved "https://registry.yarnpkg.com/@jridgewell/sourcemap-codec/-/sourcemap-codec-1.5.0.tgz#3188bcb273a414b0d215fd22a58540b989b9409a"
    integrity sha512-gv3ZRaISU3fjPAgNsriBRqGWQL6quFx04YMPW/zD8XMLsU32mhCCbfbO6KZFLjvYpCZ8zyDEgqsgf+PwPaM7GQ==
  
  "@jridgewell/trace-mapping@^0.3.20", "@jridgewell/trace-mapping@^0.3.24", "@jridgewell/trace-mapping@^0.3.25":
    version "0.3.25"
    resolved "https://registry.yarnpkg.com/@jridgewell/trace-mapping/-/trace-mapping-0.3.25.tgz#15f190e98895f3fc23276ee14bc76b675c2e50f0"
    integrity sha512-vNk6aEwybGtawWmy/PzwnGDOjCkLWSD2wqvjGGAgOAwCGWySYXfYoxt00IJkTF+8Lb57DwOb3Aa0o9CApepiYQ==
    dependencies:
      "@jridgewell/resolve-uri" "^3.1.0"
      "@jridgewell/sourcemap-codec" "^1.4.14"
  
  "@jsonjoy.com/base64@^1.1.1":
    version "1.1.2"
    resolved "https://registry.npmjs.org/@jsonjoy.com/base64/-/base64-1.1.2.tgz#cf8ea9dcb849b81c95f14fc0aaa151c6b54d2578"
    integrity sha512-q6XAnWQDIMA3+FTiOYajoYqySkO+JSat0ytXGSuRdq9uXE7o92gzuQwQM14xaCRlBLGq3v5miDGC4vkVTn54xA==
  
  "@jsonjoy.com/json-pack@^1.0.3":
    version "1.1.1"
    resolved "https://registry.npmjs.org/@jsonjoy.com/json-pack/-/json-pack-1.1.1.tgz#1f2db19ab1fd3304ccac259a1ef1dc6aff6df0ba"
    integrity sha512-osjeBqMJ2lb/j/M8NCPjs1ylqWIcTRTycIhVB5pt6LgzgeRSb0YRZ7j9RfA8wIUrsr/medIuhVyonXRZWLyfdw==
    dependencies:
      "@jsonjoy.com/base64" "^1.1.1"
      "@jsonjoy.com/util" "^1.1.2"
      hyperdyperid "^1.2.0"
      thingies "^1.20.0"
  
  "@jsonjoy.com/util@^1.1.2", "@jsonjoy.com/util@^1.3.0":
    version "1.5.0"
    resolved "https://registry.npmjs.org/@jsonjoy.com/util/-/util-1.5.0.tgz#6008e35b9d9d8ee27bc4bfaa70c8cbf33a537b4c"
    integrity sha512-ojoNsrIuPI9g6o8UxhraZQSyF2ByJanAY4cTFbc8Mf2AXEF4aQRGY1dJxyJpuyav8r9FGflEt/Ff3u5Nt6YMPA==
  
  "@leichtgewicht/ip-codec@^2.0.1":
    version "2.0.5"
    resolved "https://registry.yarnpkg.com/@leichtgewicht/ip-codec/-/ip-codec-2.0.5.tgz#4fc56c15c580b9adb7dc3c333a134e540b44bfb1"
    integrity sha512-Vo+PSpZG2/fmgmiNzYK9qWRh8h/CHrwD0mo1h1DzL4yzHNSfWYujGTYsWGreD000gcgmZ7K4Ys6Tx9TxtsKdDw==
  
  "@nicolo-ribaudo/chokidar-2@2.1.8-no-fsevents.3":
    version "2.1.8-no-fsevents.3"
    resolved "https://registry.npmjs.org/@nicolo-ribaudo/chokidar-2/-/chokidar-2-2.1.8-no-fsevents.3.tgz#323d72dd25103d0c4fbdce89dadf574a787b1f9b"
    integrity sha512-s88O1aVtXftvp5bCPB7WnmXc5IwOZZ7YPuwNPt+GtOOXpPvad1LfbmjYv+qII7zP6RU2QGnqve27dnLycEnyEQ==
  
  "@rollup/rollup-android-arm-eabi@4.30.1":
    version "4.30.1"
    resolved "https://registry.npmjs.org/@rollup/rollup-android-arm-eabi/-/rollup-android-arm-eabi-4.30.1.tgz#14c737dc19603a096568044eadaa60395eefb809"
    integrity sha512-pSWY+EVt3rJ9fQ3IqlrEUtXh3cGqGtPDH1FQlNZehO2yYxCHEX1SPsz1M//NXwYfbTlcKr9WObLnJX9FsS9K1Q==
  
  "@rollup/rollup-android-arm64@4.30.1":
    version "4.30.1"
    resolved "https://registry.npmjs.org/@rollup/rollup-android-arm64/-/rollup-android-arm64-4.30.1.tgz#9d81ea54fc5650eb4ebbc0a7d84cee331bfa30ad"
    integrity sha512-/NA2qXxE3D/BRjOJM8wQblmArQq1YoBVJjrjoTSBS09jgUisq7bqxNHJ8kjCHeV21W/9WDGwJEWSN0KQ2mtD/w==
  
  "@rollup/rollup-darwin-arm64@4.30.1":
    version "4.30.1"
    resolved "https://registry.npmjs.org/@rollup/rollup-darwin-arm64/-/rollup-darwin-arm64-4.30.1.tgz#29448cb1370cf678b50743d2e392be18470abc23"
    integrity sha512-r7FQIXD7gB0WJ5mokTUgUWPl0eYIH0wnxqeSAhuIwvnnpjdVB8cRRClyKLQr7lgzjctkbp5KmswWszlwYln03Q==
  
  "@rollup/rollup-darwin-x64@4.30.1":
    version "4.30.1"
    resolved "https://registry.npmjs.org/@rollup/rollup-darwin-x64/-/rollup-darwin-x64-4.30.1.tgz#0ca99741c3ed096700557a43bb03359450c7857d"
    integrity sha512-x78BavIwSH6sqfP2xeI1hd1GpHL8J4W2BXcVM/5KYKoAD3nNsfitQhvWSw+TFtQTLZ9OmlF+FEInEHyubut2OA==
  
  "@rollup/rollup-freebsd-arm64@4.30.1":
    version "4.30.1"
    resolved "https://registry.npmjs.org/@rollup/rollup-freebsd-arm64/-/rollup-freebsd-arm64-4.30.1.tgz#233f8e4c2f54ad9b719cd9645887dcbd12b38003"
    integrity sha512-HYTlUAjbO1z8ywxsDFWADfTRfTIIy/oUlfIDmlHYmjUP2QRDTzBuWXc9O4CXM+bo9qfiCclmHk1x4ogBjOUpUQ==
  
  "@rollup/rollup-freebsd-x64@4.30.1":
    version "4.30.1"
    resolved "https://registry.npmjs.org/@rollup/rollup-freebsd-x64/-/rollup-freebsd-x64-4.30.1.tgz#dfba762a023063dc901610722995286df4a48360"
    integrity sha512-1MEdGqogQLccphhX5myCJqeGNYTNcmTyaic9S7CG3JhwuIByJ7J05vGbZxsizQthP1xpVx7kd3o31eOogfEirw==
  
  "@rollup/rollup-linux-arm-gnueabihf@4.30.1":
    version "4.30.1"
    resolved "https://registry.npmjs.org/@rollup/rollup-linux-arm-gnueabihf/-/rollup-linux-arm-gnueabihf-4.30.1.tgz#b9da54171726266c5ef4237f462a85b3c3cf6ac9"
    integrity sha512-PaMRNBSqCx7K3Wc9QZkFx5+CX27WFpAMxJNiYGAXfmMIKC7jstlr32UhTgK6T07OtqR+wYlWm9IxzennjnvdJg==
  
  "@rollup/rollup-linux-arm-musleabihf@4.30.1":
    version "4.30.1"
    resolved "https://registry.npmjs.org/@rollup/rollup-linux-arm-musleabihf/-/rollup-linux-arm-musleabihf-4.30.1.tgz#b9db69b3f85f5529eb992936d8f411ee6d04297b"
    integrity sha512-B8Rcyj9AV7ZlEFqvB5BubG5iO6ANDsRKlhIxySXcF1axXYUyqwBok+XZPgIYGBgs7LDXfWfifxhw0Ik57T0Yug==
  
  "@rollup/rollup-linux-arm64-gnu@4.30.1":
    version "4.30.1"
    resolved "https://registry.npmjs.org/@rollup/rollup-linux-arm64-gnu/-/rollup-linux-arm64-gnu-4.30.1.tgz#2550cf9bb4d47d917fd1ab4af756d7bbc3ee1528"
    integrity sha512-hqVyueGxAj3cBKrAI4aFHLV+h0Lv5VgWZs9CUGqr1z0fZtlADVV1YPOij6AhcK5An33EXaxnDLmJdQikcn5NEw==
  
  "@rollup/rollup-linux-arm64-musl@4.30.1":
    version "4.30.1"
    resolved "https://registry.npmjs.org/@rollup/rollup-linux-arm64-musl/-/rollup-linux-arm64-musl-4.30.1.tgz#9d06b26d286c7dded6336961a2f83e48330e0c80"
    integrity sha512-i4Ab2vnvS1AE1PyOIGp2kXni69gU2DAUVt6FSXeIqUCPIR3ZlheMW3oP2JkukDfu3PsexYRbOiJrY+yVNSk9oA==
  
  "@rollup/rollup-linux-loongarch64-gnu@4.30.1":
    version "4.30.1"
    resolved "https://registry.npmjs.org/@rollup/rollup-linux-loongarch64-gnu/-/rollup-linux-loongarch64-gnu-4.30.1.tgz#e957bb8fee0c8021329a34ca8dfa825826ee0e2e"
    integrity sha512-fARcF5g296snX0oLGkVxPmysetwUk2zmHcca+e9ObOovBR++9ZPOhqFUM61UUZ2EYpXVPN1redgqVoBB34nTpQ==
  
  "@rollup/rollup-linux-powerpc64le-gnu@4.30.1":
    version "4.30.1"
    resolved "https://registry.npmjs.org/@rollup/rollup-linux-powerpc64le-gnu/-/rollup-linux-powerpc64le-gnu-4.30.1.tgz#e8585075ddfb389222c5aada39ea62d6d2511ccc"
    integrity sha512-GLrZraoO3wVT4uFXh67ElpwQY0DIygxdv0BNW9Hkm3X34wu+BkqrDrkcsIapAY+N2ATEbvak0XQ9gxZtCIA5Rw==
  
  "@rollup/rollup-linux-riscv64-gnu@4.30.1":
    version "4.30.1"
    resolved "https://registry.npmjs.org/@rollup/rollup-linux-riscv64-gnu/-/rollup-linux-riscv64-gnu-4.30.1.tgz#7d0d40cee7946ccaa5a4e19a35c6925444696a9e"
    integrity sha512-0WKLaAUUHKBtll0wvOmh6yh3S0wSU9+yas923JIChfxOaaBarmb/lBKPF0w/+jTVozFnOXJeRGZ8NvOxvk/jcw==
  
  "@rollup/rollup-linux-s390x-gnu@4.30.1":
    version "4.30.1"
    resolved "https://registry.npmjs.org/@rollup/rollup-linux-s390x-gnu/-/rollup-linux-s390x-gnu-4.30.1.tgz#c2dcd8a4b08b2f2778eceb7a5a5dfde6240ebdea"
    integrity sha512-GWFs97Ruxo5Bt+cvVTQkOJ6TIx0xJDD/bMAOXWJg8TCSTEK8RnFeOeiFTxKniTc4vMIaWvCplMAFBt9miGxgkA==
  
  "@rollup/rollup-linux-x64-gnu@4.30.1":
    version "4.30.1"
    resolved "https://registry.npmjs.org/@rollup/rollup-linux-x64-gnu/-/rollup-linux-x64-gnu-4.30.1.tgz#183637d91456877cb83d0a0315eb4788573aa588"
    integrity sha512-UtgGb7QGgXDIO+tqqJ5oZRGHsDLO8SlpE4MhqpY9Llpzi5rJMvrK6ZGhsRCST2abZdBqIBeXW6WPD5fGK5SDwg==
  
  "@rollup/rollup-linux-x64-musl@4.30.1":
    version "4.30.1"
    resolved "https://registry.npmjs.org/@rollup/rollup-linux-x64-musl/-/rollup-linux-x64-musl-4.30.1.tgz#036a4c860662519f1f9453807547fd2a11d5bb01"
    integrity sha512-V9U8Ey2UqmQsBT+xTOeMzPzwDzyXmnAoO4edZhL7INkwQcaW1Ckv3WJX3qrrp/VHaDkEWIBWhRwP47r8cdrOow==
  
  "@rollup/rollup-win32-arm64-msvc@4.30.1":
    version "4.30.1"
    resolved "https://registry.npmjs.org/@rollup/rollup-win32-arm64-msvc/-/rollup-win32-arm64-msvc-4.30.1.tgz#51cad812456e616bfe4db5238fb9c7497e042a52"
    integrity sha512-WabtHWiPaFF47W3PkHnjbmWawnX/aE57K47ZDT1BXTS5GgrBUEpvOzq0FI0V/UYzQJgdb8XlhVNH8/fwV8xDjw==
  
  "@rollup/rollup-win32-ia32-msvc@4.30.1":
    version "4.30.1"
    resolved "https://registry.npmjs.org/@rollup/rollup-win32-ia32-msvc/-/rollup-win32-ia32-msvc-4.30.1.tgz#661c8b3e4cd60f51deaa39d153aac4566e748e5e"
    integrity sha512-pxHAU+Zv39hLUTdQQHUVHf4P+0C47y/ZloorHpzs2SXMRqeAWmGghzAhfOlzFHHwjvgokdFAhC4V+6kC1lRRfw==
  
  "@rollup/rollup-win32-x64-msvc@4.30.1":
    version "4.30.1"
    resolved "https://registry.npmjs.org/@rollup/rollup-win32-x64-msvc/-/rollup-win32-x64-msvc-4.30.1.tgz#73bf1885ff052b82fbb0f82f8671f73c36e9137c"
    integrity sha512-D6qjsXGcvhTjv0kI4fU8tUuBDF/Ueee4SVX79VfNDXZa64TfCW1Slkb6Z7O1p7vflqZjcmOVdZlqf8gvJxc6og==
  
  "@types/body-parser@*":
    version "1.19.5"
    resolved "https://registry.yarnpkg.com/@types/body-parser/-/body-parser-1.19.5.tgz#04ce9a3b677dc8bd681a17da1ab9835dc9d3ede4"
    integrity sha512-fB3Zu92ucau0iQ0JMCFQE7b/dv8Ot07NI3KaZIkIUNXq82k4eBAqUaneXfleGY9JWskeS9y+u0nXMyspcuQrCg==
    dependencies:
      "@types/connect" "*"
      "@types/node" "*"
  
  "@types/bonjour@^3.5.13":
    version "3.5.13"
    resolved "https://registry.npmjs.org/@types/bonjour/-/bonjour-3.5.13.tgz#adf90ce1a105e81dd1f9c61fdc5afda1bfb92956"
    integrity sha512-z9fJ5Im06zvUL548KvYNecEVlA7cVDkGUi6kZusb04mpyEFKCIZJvloCcmpmLaIahDpOQGHaHmG6imtPMmPXGQ==
    dependencies:
      "@types/node" "*"
  
  "@types/connect-history-api-fallback@^1.5.4":
    version "1.5.4"
    resolved "https://registry.npmjs.org/@types/connect-history-api-fallback/-/connect-history-api-fallback-1.5.4.tgz#7de71645a103056b48ac3ce07b3520b819c1d5b3"
    integrity sha512-n6Cr2xS1h4uAulPRdlw6Jl6s1oG8KrVilPN2yUITEs+K48EzMJJ3W1xy8K5eWuFvjp3R74AOIGSmp2UfBJ8HFw==
    dependencies:
      "@types/express-serve-static-core" "*"
      "@types/node" "*"
  
  "@types/connect@*":
    version "3.4.38"
    resolved "https://registry.yarnpkg.com/@types/connect/-/connect-3.4.38.tgz#5ba7f3bc4fbbdeaff8dded952e5ff2cc53f8d858"
    integrity sha512-K6uROf1LD88uDQqJCktA4yzL1YYAK6NgfsI0v/mTgyPKWsX1CnJ0XPSDhViejru1GcRkLWb8RlzFYJRqGUbaug==
    dependencies:
      "@types/node" "*"
  
  "@types/eslint-scope@^3.7.7":
    version "3.7.7"
    resolved "https://registry.npmjs.org/@types/eslint-scope/-/eslint-scope-3.7.7.tgz#3108bd5f18b0cdb277c867b3dd449c9ed7079ac5"
    integrity sha512-MzMFlSLBqNF2gcHWO0G1vP/YQyfvrxZ0bF+u7mzUdZ1/xK4A4sru+nraZz5i3iEIk1l1uyicaDVTB4QbbEkAYg==
    dependencies:
      "@types/eslint" "*"
      "@types/estree" "*"
  
  "@types/eslint@*":
    version "9.6.0"
    resolved "https://registry.yarnpkg.com/@types/eslint/-/eslint-9.6.0.tgz#51d4fe4d0316da9e9f2c80884f2c20ed5fb022ff"
    integrity sha512-gi6WQJ7cHRgZxtkQEoyHMppPjq9Kxo5Tjn2prSKDSmZrCz8TZ3jSRCeTJm+WoM+oB0WG37bRqLzaaU3q7JypGg==
    dependencies:
      "@types/estree" "*"
      "@types/json-schema" "*"
  
  "@types/estree@*":
    version "1.0.5"
    resolved "https://registry.yarnpkg.com/@types/estree/-/estree-1.0.5.tgz#a6ce3e556e00fd9895dd872dd172ad0d4bd687f4"
    integrity sha512-/kYRxGDLWzHOB7q+wtSUQlFrtcdUccpfy+X+9iMBpHK8QLLhx2wIPYuS5DYtR9Wa/YlZAbIovy7qVdB1Aq6Lyw==
  
  "@types/estree@1.0.6", "@types/estree@^1.0.6":
    version "1.0.6"
    resolved "https://registry.npmjs.org/@types/estree/-/estree-1.0.6.tgz#628effeeae2064a1b4e79f78e81d87b7e5fc7b50"
    integrity sha512-AYnb1nQyY49te+VRAVgmzfcgjYS91mY5P0TKUDCLEM+gNnA+3T6rWITXRLYCpahpqSQbN5cE+gHpnPyXjHWxcw==
  
  "@types/express-serve-static-core@*", "@types/express-serve-static-core@^4.17.33":
    version "4.19.5"
    resolved "https://registry.yarnpkg.com/@types/express-serve-static-core/-/express-serve-static-core-4.19.5.tgz#218064e321126fcf9048d1ca25dd2465da55d9c6"
    integrity sha512-y6W03tvrACO72aijJ5uF02FRq5cgDR9lUxddQ8vyF+GvmjJQqbzDcJngEjURc+ZsG31VI3hODNZJ2URj86pzmg==
    dependencies:
      "@types/node" "*"
      "@types/qs" "*"
      "@types/range-parser" "*"
      "@types/send" "*"
  
  "@types/express@*", "@types/express@^4.17.21":
    version "4.17.21"
    resolved "https://registry.yarnpkg.com/@types/express/-/express-4.17.21.tgz#c26d4a151e60efe0084b23dc3369ebc631ed192d"
    integrity sha512-ejlPM315qwLpaQlQDTjPdsUFSc6ZsP4AN6AlWnogPjQ7CVi7PYF3YVz+CY3jE2pwYf7E/7HlDAN0rV2GxTG0HQ==
    dependencies:
      "@types/body-parser" "*"
      "@types/express-serve-static-core" "^4.17.33"
      "@types/qs" "*"
      "@types/serve-static" "*"
  
  "@types/http-errors@*":
    version "2.0.4"
    resolved "https://registry.yarnpkg.com/@types/http-errors/-/http-errors-2.0.4.tgz#7eb47726c391b7345a6ec35ad7f4de469cf5ba4f"
    integrity sha512-D0CFMMtydbJAegzOyHjtiKPLlvnm3iTZyZRSZoLq2mRhDdmLfIWOCYPfQJ4cu2erKghU++QvjcUjp/5h7hESpA==
  
  "@types/http-proxy@^1.17.8":
    version "1.17.15"
    resolved "https://registry.yarnpkg.com/@types/http-proxy/-/http-proxy-1.17.15.tgz#12118141ce9775a6499ecb4c01d02f90fc839d36"
    integrity sha512-25g5atgiVNTIv0LBDTg1H74Hvayx0ajtJPLLcYE3whFv75J0pWNtOBzaXJQgDTmrX1bx5U9YC2w/n65BN1HwRQ==
    dependencies:
      "@types/node" "*"
  
  "@types/json-schema@*", "@types/json-schema@^7.0.8", "@types/json-schema@^7.0.9":
    version "7.0.15"
    resolved "https://registry.yarnpkg.com/@types/json-schema/-/json-schema-7.0.15.tgz#596a1747233694d50f6ad8a7869fcb6f56cf5841"
    integrity sha512-5+fP8P8MFNC+AyZCDxrB2pkZFPGzqQWUzpSeuuVLvm8VMcorNYavBqoFcxK8bQz4Qsbn4oUEEem4wDLfcysGHA==
  
  "@types/mime@^1":
    version "1.3.5"
    resolved "https://registry.yarnpkg.com/@types/mime/-/mime-1.3.5.tgz#1ef302e01cf7d2b5a0fa526790c9123bf1d06690"
    integrity sha512-/pyBZWSLD2n0dcHE3hq8s8ZvcETHtEuF+3E7XVt0Ig2nvsVQXdghHVcEkIWjy9A0wKfTn97a/PSDYohKIlnP/w==
  
  "@types/node-forge@^1.3.0":
    version "1.3.11"
    resolved "https://registry.yarnpkg.com/@types/node-forge/-/node-forge-1.3.11.tgz#0972ea538ddb0f4d9c2fa0ec5db5724773a604da"
    integrity sha512-FQx220y22OKNTqaByeBGqHWYz4cl94tpcxeFdvBo3wjG6XPBuZ0BNgNZRV5J5TFmmcsJ4IzsLkmGRiQbnYsBEQ==
    dependencies:
      "@types/node" "*"
  
  "@types/node@*":
    version "22.1.0"
    resolved "https://registry.yarnpkg.com/@types/node/-/node-22.1.0.tgz#6d6adc648b5e03f0e83c78dc788c2b037d0ad94b"
    integrity sha512-AOmuRF0R2/5j1knA3c6G3HOk523Ga+l+ZXltX8SF1+5oqcXijjfTd8fY3XRZqSihEu9XhtQnKYLmkFaoxgsJHw==
    dependencies:
      undici-types "~6.13.0"
  
  "@types/qs@*":
    version "6.9.15"
    resolved "https://registry.yarnpkg.com/@types/qs/-/qs-6.9.15.tgz#adde8a060ec9c305a82de1babc1056e73bd64dce"
    integrity sha512-uXHQKES6DQKKCLh441Xv/dwxOq1TVS3JPUMlEqoEglvlhR6Mxnlew/Xq/LRVHpLyk7iK3zODe1qYHIMltO7XGg==
  
  "@types/range-parser@*":
    version "1.2.7"
    resolved "https://registry.yarnpkg.com/@types/range-parser/-/range-parser-1.2.7.tgz#50ae4353eaaddc04044279812f52c8c65857dbcb"
    integrity sha512-hKormJbkJqzQGhziax5PItDUTMAM9uE2XXQmM37dyd4hVM+5aVl7oVxMVUiVQn2oCQFN/LKCZdvSM0pFRqbSmQ==
  
  "@types/retry@0.12.2":
    version "0.12.2"
    resolved "https://registry.npmjs.org/@types/retry/-/retry-0.12.2.tgz#ed279a64fa438bb69f2480eda44937912bb7480a"
    integrity sha512-XISRgDJ2Tc5q4TRqvgJtzsRkFYNJzZrhTdtMoGVBttwzzQJkPnS3WWTFc7kuDRoPtPakl+T+OfdEUjYJj7Jbow==
  
  "@types/send@*":
    version "0.17.4"
    resolved "https://registry.yarnpkg.com/@types/send/-/send-0.17.4.tgz#6619cd24e7270793702e4e6a4b958a9010cfc57a"
    integrity sha512-x2EM6TJOybec7c52BX0ZspPodMsQUd5L6PRwOunVyVUhXiBSKf3AezDL8Dgvgt5o0UfKNfuA0eMLr2wLT4AiBA==
    dependencies:
      "@types/mime" "^1"
      "@types/node" "*"
  
  "@types/serve-index@^1.9.4":
    version "1.9.4"
    resolved "https://registry.npmjs.org/@types/serve-index/-/serve-index-1.9.4.tgz#e6ae13d5053cb06ed36392110b4f9a49ac4ec898"
    integrity sha512-qLpGZ/c2fhSs5gnYsQxtDEq3Oy8SXPClIXkW5ghvAvsNuVSA8k+gCONcUCS/UjLEYvYps+e8uBtfgXgvhwfNug==
    dependencies:
      "@types/express" "*"
  
  "@types/serve-static@*", "@types/serve-static@^1.15.5":
    version "1.15.7"
    resolved "https://registry.yarnpkg.com/@types/serve-static/-/serve-static-1.15.7.tgz#22174bbd74fb97fe303109738e9b5c2f3064f714"
    integrity sha512-W8Ym+h8nhuRwaKPaDw34QUkwsGi6Rc4yYqvKFo5rm2FUEhCFbzVWrxXUxuKK8TASjWsysJY0nsmNCGhCOIsrOw==
    dependencies:
      "@types/http-errors" "*"
      "@types/node" "*"
      "@types/send" "*"
  
  "@types/sockjs@^0.3.36":
    version "0.3.36"
    resolved "https://registry.npmjs.org/@types/sockjs/-/sockjs-0.3.36.tgz#ce322cf07bcc119d4cbf7f88954f3a3bd0f67535"
    integrity sha512-MK9V6NzAS1+Ud7JV9lJLFqW85VbC9dq3LmwZCuBe4wBDgKC0Kj/jd8Xl+nSviU+Qc3+m7umHHyHg//2KSa0a0Q==
    dependencies:
      "@types/node" "*"
  
  "@types/ws@^8.5.10":
    version "8.5.13"
    resolved "https://registry.npmjs.org/@types/ws/-/ws-8.5.13.tgz#6414c280875e2691d0d1e080b05addbf5cb91e20"
    integrity sha512-osM/gWBTPKgHV8XkTunnegTRIsvF6owmf5w+JtAfOw472dptdm0dlGv4xCt6GwQRcC2XVOvvRE/0bAoQcL2QkA==
    dependencies:
      "@types/node" "*"
  
  "@webassemblyjs/ast@1.14.1", "@webassemblyjs/ast@^1.14.1":
    version "1.14.1"
    resolved "https://registry.npmjs.org/@webassemblyjs/ast/-/ast-1.14.1.tgz#a9f6a07f2b03c95c8d38c4536a1fdfb521ff55b6"
    integrity sha512-nuBEDgQfm1ccRp/8bCQrx1frohyufl4JlbMMZ4P1wpeOfDhF6FQkxZJ1b/e+PLwr6X1Nhw6OLme5usuBWYBvuQ==
    dependencies:
      "@webassemblyjs/helper-numbers" "1.13.2"
      "@webassemblyjs/helper-wasm-bytecode" "1.13.2"
  
  "@webassemblyjs/floating-point-hex-parser@1.13.2":
    version "1.13.2"
    resolved "https://registry.npmjs.org/@webassemblyjs/floating-point-hex-parser/-/floating-point-hex-parser-1.13.2.tgz#fcca1eeddb1cc4e7b6eed4fc7956d6813b21b9fb"
    integrity sha512-6oXyTOzbKxGH4steLbLNOu71Oj+C8Lg34n6CqRvqfS2O71BxY6ByfMDRhBytzknj9yGUPVJ1qIKhRlAwO1AovA==
  
  "@webassemblyjs/helper-api-error@1.13.2":
    version "1.13.2"
    resolved "https://registry.npmjs.org/@webassemblyjs/helper-api-error/-/helper-api-error-1.13.2.tgz#e0a16152248bc38daee76dd7e21f15c5ef3ab1e7"
    integrity sha512-U56GMYxy4ZQCbDZd6JuvvNV/WFildOjsaWD3Tzzvmw/mas3cXzRJPMjP83JqEsgSbyrmaGjBfDtV7KDXV9UzFQ==
  
  "@webassemblyjs/helper-buffer@1.14.1":
    version "1.14.1"
    resolved "https://registry.npmjs.org/@webassemblyjs/helper-buffer/-/helper-buffer-1.14.1.tgz#822a9bc603166531f7d5df84e67b5bf99b72b96b"
    integrity sha512-jyH7wtcHiKssDtFPRB+iQdxlDf96m0E39yb0k5uJVhFGleZFoNw1c4aeIcVUPPbXUVJ94wwnMOAqUHyzoEPVMA==
  
  "@webassemblyjs/helper-numbers@1.13.2":
    version "1.13.2"
    resolved "https://registry.npmjs.org/@webassemblyjs/helper-numbers/-/helper-numbers-1.13.2.tgz#dbd932548e7119f4b8a7877fd5a8d20e63490b2d"
    integrity sha512-FE8aCmS5Q6eQYcV3gI35O4J789wlQA+7JrqTTpJqn5emA4U2hvwJmvFRC0HODS+3Ye6WioDklgd6scJ3+PLnEA==
    dependencies:
      "@webassemblyjs/floating-point-hex-parser" "1.13.2"
      "@webassemblyjs/helper-api-error" "1.13.2"
      "@xtuc/long" "4.2.2"
  
  "@webassemblyjs/helper-wasm-bytecode@1.13.2":
    version "1.13.2"
    resolved "https://registry.npmjs.org/@webassemblyjs/helper-wasm-bytecode/-/helper-wasm-bytecode-1.13.2.tgz#e556108758f448aae84c850e593ce18a0eb31e0b"
    integrity sha512-3QbLKy93F0EAIXLh0ogEVR6rOubA9AoZ+WRYhNbFyuB70j3dRdwH9g+qXhLAO0kiYGlg3TxDV+I4rQTr/YNXkA==
  
  "@webassemblyjs/helper-wasm-section@1.14.1":
    version "1.14.1"
    resolved "https://registry.npmjs.org/@webassemblyjs/helper-wasm-section/-/helper-wasm-section-1.14.1.tgz#9629dda9c4430eab54b591053d6dc6f3ba050348"
    integrity sha512-ds5mXEqTJ6oxRoqjhWDU83OgzAYjwsCV8Lo/N+oRsNDmx/ZDpqalmrtgOMkHwxsG0iI//3BwWAErYRHtgn0dZw==
    dependencies:
      "@webassemblyjs/ast" "1.14.1"
      "@webassemblyjs/helper-buffer" "1.14.1"
      "@webassemblyjs/helper-wasm-bytecode" "1.13.2"
      "@webassemblyjs/wasm-gen" "1.14.1"
  
  "@webassemblyjs/ieee754@1.13.2":
    version "1.13.2"
    resolved "https://registry.npmjs.org/@webassemblyjs/ieee754/-/ieee754-1.13.2.tgz#1c5eaace1d606ada2c7fd7045ea9356c59ee0dba"
    integrity sha512-4LtOzh58S/5lX4ITKxnAK2USuNEvpdVV9AlgGQb8rJDHaLeHciwG4zlGr0j/SNWlr7x3vO1lDEsuePvtcDNCkw==
    dependencies:
      "@xtuc/ieee754" "^1.2.0"
  
  "@webassemblyjs/leb128@1.13.2":
    version "1.13.2"
    resolved "https://registry.npmjs.org/@webassemblyjs/leb128/-/leb128-1.13.2.tgz#57c5c3deb0105d02ce25fa3fd74f4ebc9fd0bbb0"
    integrity sha512-Lde1oNoIdzVzdkNEAWZ1dZ5orIbff80YPdHx20mrHwHrVNNTjNr8E3xz9BdpcGqRQbAEa+fkrCb+fRFTl/6sQw==
    dependencies:
      "@xtuc/long" "4.2.2"
  
  "@webassemblyjs/utf8@1.13.2":
    version "1.13.2"
    resolved "https://registry.npmjs.org/@webassemblyjs/utf8/-/utf8-1.13.2.tgz#917a20e93f71ad5602966c2d685ae0c6c21f60f1"
    integrity sha512-3NQWGjKTASY1xV5m7Hr0iPeXD9+RDobLll3T9d2AO+g3my8xy5peVyjSag4I50mR1bBSN/Ct12lo+R9tJk0NZQ==
  
  "@webassemblyjs/wasm-edit@^1.14.1":
    version "1.14.1"
    resolved "https://registry.npmjs.org/@webassemblyjs/wasm-edit/-/wasm-edit-1.14.1.tgz#ac6689f502219b59198ddec42dcd496b1004d597"
    integrity sha512-RNJUIQH/J8iA/1NzlE4N7KtyZNHi3w7at7hDjvRNm5rcUXa00z1vRz3glZoULfJ5mpvYhLybmVcwcjGrC1pRrQ==
    dependencies:
      "@webassemblyjs/ast" "1.14.1"
      "@webassemblyjs/helper-buffer" "1.14.1"
      "@webassemblyjs/helper-wasm-bytecode" "1.13.2"
      "@webassemblyjs/helper-wasm-section" "1.14.1"
      "@webassemblyjs/wasm-gen" "1.14.1"
      "@webassemblyjs/wasm-opt" "1.14.1"
      "@webassemblyjs/wasm-parser" "1.14.1"
      "@webassemblyjs/wast-printer" "1.14.1"
  
  "@webassemblyjs/wasm-gen@1.14.1":
    version "1.14.1"
    resolved "https://registry.npmjs.org/@webassemblyjs/wasm-gen/-/wasm-gen-1.14.1.tgz#991e7f0c090cb0bb62bbac882076e3d219da9570"
    integrity sha512-AmomSIjP8ZbfGQhumkNvgC33AY7qtMCXnN6bL2u2Js4gVCg8fp735aEiMSBbDR7UQIj90n4wKAFUSEd0QN2Ukg==
    dependencies:
      "@webassemblyjs/ast" "1.14.1"
      "@webassemblyjs/helper-wasm-bytecode" "1.13.2"
      "@webassemblyjs/ieee754" "1.13.2"
      "@webassemblyjs/leb128" "1.13.2"
      "@webassemblyjs/utf8" "1.13.2"
  
  "@webassemblyjs/wasm-opt@1.14.1":
    version "1.14.1"
    resolved "https://registry.npmjs.org/@webassemblyjs/wasm-opt/-/wasm-opt-1.14.1.tgz#e6f71ed7ccae46781c206017d3c14c50efa8106b"
    integrity sha512-PTcKLUNvBqnY2U6E5bdOQcSM+oVP/PmrDY9NzowJjislEjwP/C4an2303MCVS2Mg9d3AJpIGdUFIQQWbPds0Sw==
    dependencies:
      "@webassemblyjs/ast" "1.14.1"
      "@webassemblyjs/helper-buffer" "1.14.1"
      "@webassemblyjs/wasm-gen" "1.14.1"
      "@webassemblyjs/wasm-parser" "1.14.1"
  
  "@webassemblyjs/wasm-parser@1.14.1", "@webassemblyjs/wasm-parser@^1.14.1":
    version "1.14.1"
    resolved "https://registry.npmjs.org/@webassemblyjs/wasm-parser/-/wasm-parser-1.14.1.tgz#b3e13f1893605ca78b52c68e54cf6a865f90b9fb"
    integrity sha512-JLBl+KZ0R5qB7mCnud/yyX08jWFw5MsoalJ1pQ4EdFlgj9VdXKGuENGsiCIjegI1W7p91rUlcB/LB5yRJKNTcQ==
    dependencies:
      "@webassemblyjs/ast" "1.14.1"
      "@webassemblyjs/helper-api-error" "1.13.2"
      "@webassemblyjs/helper-wasm-bytecode" "1.13.2"
      "@webassemblyjs/ieee754" "1.13.2"
      "@webassemblyjs/leb128" "1.13.2"
      "@webassemblyjs/utf8" "1.13.2"
  
  "@webassemblyjs/wast-printer@1.14.1":
    version "1.14.1"
    resolved "https://registry.npmjs.org/@webassemblyjs/wast-printer/-/wast-printer-1.14.1.tgz#3bb3e9638a8ae5fdaf9610e7a06b4d9f9aa6fe07"
    integrity sha512-kPSSXE6De1XOR820C90RIo2ogvZG+c3KiHzqUoO/F34Y2shGzesfqv7o57xrxovZJH/MetF5UjroJ/R/3isoiw==
    dependencies:
      "@webassemblyjs/ast" "1.14.1"
      "@xtuc/long" "4.2.2"
  
  "@webpack-cli/configtest@^3.0.1":
    version "3.0.1"
    resolved "https://registry.npmjs.org/@webpack-cli/configtest/-/configtest-3.0.1.tgz#76ac285b9658fa642ce238c276264589aa2b6b57"
    integrity sha512-u8d0pJ5YFgneF/GuvEiDA61Tf1VDomHHYMjv/wc9XzYj7nopltpG96nXN5dJRstxZhcNpV1g+nT6CydO7pHbjA==
  
  "@webpack-cli/info@^3.0.1":
    version "3.0.1"
    resolved "https://registry.npmjs.org/@webpack-cli/info/-/info-3.0.1.tgz#3cff37fabb7d4ecaab6a8a4757d3826cf5888c63"
    integrity sha512-coEmDzc2u/ffMvuW9aCjoRzNSPDl/XLuhPdlFRpT9tZHmJ/039az33CE7uH+8s0uL1j5ZNtfdv0HkfaKRBGJsQ==
  
  "@webpack-cli/serve@^3.0.1":
    version "3.0.1"
    resolved "https://registry.npmjs.org/@webpack-cli/serve/-/serve-3.0.1.tgz#bd8b1f824d57e30faa19eb78e4c0951056f72f00"
    integrity sha512-sbgw03xQaCLiT6gcY/6u3qBDn01CWw/nbaXl3gTdTFuJJ75Gffv3E3DBpgvY2fkkrdS1fpjaXNOmJlnbtKauKg==
  
  "@xtuc/ieee754@^1.2.0":
    version "1.2.0"
    resolved "https://registry.yarnpkg.com/@xtuc/ieee754/-/ieee754-1.2.0.tgz#eef014a3145ae477a1cbc00cd1e552336dceb790"
    integrity sha512-DX8nKgqcGwsc0eJSqYt5lwP4DH5FlHnmuWWBRy7X0NcaGR0ZtuyeESgMwTYVEtxmsNGY+qit4QYT/MIYTOTPeA==
  
  "@xtuc/long@4.2.2":
    version "4.2.2"
    resolved "https://registry.yarnpkg.com/@xtuc/long/-/long-4.2.2.tgz#d291c6a4e97989b5c61d9acf396ae4fe133a718d"
    integrity sha512-NuHqBY1PB/D8xU6s/thBgOAiAP7HOYDQ32+BFZILJ8ivkUkAHQnWfn6WhL79Owj1qmUnoN/YPhktdIoucipkAQ==
  
  accepts@~1.3.4, accepts@~1.3.5, accepts@~1.3.8:
    version "1.3.8"
    resolved "https://registry.yarnpkg.com/accepts/-/accepts-1.3.8.tgz#0bf0be125b67014adcb0b0921e62db7bffe16b2e"
    integrity sha512-PYAthTa2m2VKxuvSD3DPC/Gy+U+sOA1LAuT8mkmRuvw+NACSaeXEQ+NHcVF7rONl6qcaxV3Uuemwawk+7+SJLw==
    dependencies:
      mime-types "~2.1.34"
      negotiator "0.6.3"
  
  acorn@^8.14.0:
    version "8.14.0"
    resolved "https://registry.npmjs.org/acorn/-/acorn-8.14.0.tgz#063e2c70cac5fb4f6467f0b11152e04c682795b0"
    integrity sha512-cl669nCJTZBsL97OF4kUQm5g5hC2uihk0NxY3WENAC0TYdILVkAyHymAntgxGkl7K+t0cXIrH5siy5S4XkFycA==
  
  acorn@^8.8.2:
    version "8.12.1"
    resolved "https://registry.yarnpkg.com/acorn/-/acorn-8.12.1.tgz#71616bdccbe25e27a54439e0046e89ca76df2248"
    integrity sha512-tcpGyI9zbizT9JbV6oYE477V6mTlXvvi0T0G3SNIYE2apm/G5huBa1+K89VGeovbg+jycCrfhl3ADxErOuO6Jg==
  
  ajv-formats@^2.1.1:
    version "2.1.1"
    resolved "https://registry.yarnpkg.com/ajv-formats/-/ajv-formats-2.1.1.tgz#6e669400659eb74973bbf2e33327180a0996b520"
    integrity sha512-Wx0Kx52hxE7C18hkMEggYlEifqWZtYaRgouJor+WMdPnQyEK13vgEWyVNup7SoeeoLMsr4kf5h6dOW11I15MUA==
    dependencies:
      ajv "^8.0.0"
  
  ajv-keywords@^3.5.2:
    version "3.5.2"
    resolved "https://registry.yarnpkg.com/ajv-keywords/-/ajv-keywords-3.5.2.tgz#31f29da5ab6e00d1c2d329acf7b5929614d5014d"
    integrity sha512-5p6WTN0DdTGVQk6VjcEju19IgaHudalcfabD7yhDGeA6bcQnmL+CpveLJq/3hvfwd1aof6L386Ougkx6RfyMIQ==
  
  ajv-keywords@^5.1.0:
    version "5.1.0"
    resolved "https://registry.yarnpkg.com/ajv-keywords/-/ajv-keywords-5.1.0.tgz#69d4d385a4733cdbeab44964a1170a88f87f0e16"
    integrity sha512-YCS/JNFAUyr5vAuhk1DWm1CBxRHW9LbJ2ozWeemrIqpbsqKjHVxYPyi5GC0rjZIT5JxJ3virVTS8wk4i/Z+krw==
    dependencies:
      fast-deep-equal "^3.1.3"
  
  ajv@^6.12.5:
    version "6.12.6"
    resolved "https://registry.yarnpkg.com/ajv/-/ajv-6.12.6.tgz#baf5a62e802b07d977034586f8c3baf5adf26df4"
    integrity sha512-j3fVLgvTo527anyYyJOGTYJbG+vnnQYvE0m5mmkc1TK+nxAppkCLMIL0aZ4dblVCNoGShhm+kzE4ZUykBoMg4g==
    dependencies:
      fast-deep-equal "^3.1.1"
      fast-json-stable-stringify "^2.0.0"
      json-schema-traverse "^0.4.1"
      uri-js "^4.2.2"
  
  ajv@^8.0.0, ajv@^8.9.0:
    version "8.17.1"
    resolved "https://registry.yarnpkg.com/ajv/-/ajv-8.17.1.tgz#37d9a5c776af6bc92d7f4f9510eba4c0a60d11a6"
    integrity sha512-B/gBuNg5SiMTrPkC+A2+cW0RszwxYmn6VYxB/inlBStS5nx6xHIt/ehKRhIMhqusl7a8LjQoZnjCs5vhwxOQ1g==
    dependencies:
      fast-deep-equal "^3.1.3"
      fast-uri "^3.0.1"
      json-schema-traverse "^1.0.0"
      require-from-string "^2.0.2"
  
  ansi-html-community@^0.0.8:
    version "0.0.8"
    resolved "https://registry.yarnpkg.com/ansi-html-community/-/ansi-html-community-0.0.8.tgz#69fbc4d6ccbe383f9736934ae34c3f8290f1bf41"
    integrity sha512-1APHAyr3+PCamwNw3bXCPp4HFLONZt/yIH0sZp0/469KWNTEy+qN5jQ3GVX6DMZ1UXAi34yVwtTeaG/HpBuuzw==
  
  anymatch@~3.1.2:
    version "3.1.3"
    resolved "https://registry.yarnpkg.com/anymatch/-/anymatch-3.1.3.tgz#790c58b19ba1720a84205b57c618d5ad8524973e"
    integrity sha512-KMReFUr0B4t+D+OBkjR3KYqvocp2XaSzO55UcB6mgQMd3KbcE+mWTyvVV7D/zsdEbNnV6acZUutkiHQXvTr1Rw==
    dependencies:
      normalize-path "^3.0.0"
      picomatch "^2.0.4"
  
  array-flatten@1.1.1:
    version "1.1.1"
    resolved "https://registry.yarnpkg.com/array-flatten/-/array-flatten-1.1.1.tgz#9a5f699051b1e7073328f2a008968b64ea2955d2"
    integrity sha512-PCVAQswWemu6UdxsDFFX/+gVeYqKAod3D3UVm91jHwynguOwAvYPhx8nNlM++NqRcK6CxxpUafjmhIdKiHibqg==
  
  babel-loader@^9.2.1:
    version "9.2.1"
    resolved "https://registry.npmjs.org/babel-loader/-/babel-loader-9.2.1.tgz#04c7835db16c246dd19ba0914418f3937797587b"
    integrity sha512-fqe8naHt46e0yIdkjUZYqddSXfej3AHajX+CSO5X7oy0EmPc6o5Xh+RClNoHjnieWz9AW4kZxW9yyFMhVB1QLA==
    dependencies:
      find-cache-dir "^4.0.0"
      schema-utils "^4.0.0"
  
  babel-plugin-polyfill-corejs2@^0.4.10:
    version "0.4.11"
    resolved "https://registry.yarnpkg.com/babel-plugin-polyfill-corejs2/-/babel-plugin-polyfill-corejs2-0.4.11.tgz#30320dfe3ffe1a336c15afdcdafd6fd615b25e33"
    integrity sha512-sMEJ27L0gRHShOh5G54uAAPaiCOygY/5ratXuiyb2G46FmlSpc9eFCzYVyDiPxfNbwzA7mYahmjQc5q+CZQ09Q==
    dependencies:
      "@babel/compat-data" "^7.22.6"
      "@babel/helper-define-polyfill-provider" "^0.6.2"
      semver "^6.3.1"
  
  babel-plugin-polyfill-corejs3@^0.10.6:
    version "0.10.6"
    resolved "https://registry.npmjs.org/babel-plugin-polyfill-corejs3/-/babel-plugin-polyfill-corejs3-0.10.6.tgz#2deda57caef50f59c525aeb4964d3b2f867710c7"
    integrity sha512-b37+KR2i/khY5sKmWNVQAnitvquQbNdWy6lJdsr0kmquCKEEUgMKK4SboVM3HtfnZilfjr4MMQ7vY58FVWDtIA==
    dependencies:
      "@babel/helper-define-polyfill-provider" "^0.6.2"
      core-js-compat "^3.38.0"
  
  babel-plugin-polyfill-regenerator@^0.6.1:
    version "0.6.2"
    resolved "https://registry.yarnpkg.com/babel-plugin-polyfill-regenerator/-/babel-plugin-polyfill-regenerator-0.6.2.tgz#addc47e240edd1da1058ebda03021f382bba785e"
    integrity sha512-2R25rQZWP63nGwaAswvDazbPXfrM3HwVoBXK6HcqeKrSrL/JqcC/rDcf95l4r7LXLyxDXc8uQDa064GubtCABg==
    dependencies:
      "@babel/helper-define-polyfill-provider" "^0.6.2"
  
  balanced-match@^1.0.0:
    version "1.0.2"
    resolved "https://registry.npmjs.org/balanced-match/-/balanced-match-1.0.2.tgz#e83e3a7e3f300b34cb9d87f615fa0cbf357690ee"
    integrity sha512-3oSeUO0TMV67hN1AmbXsK4yaqU7tjiHlbxRDZOpH0KW9+CeX4bRAaX0Anxt0tx2MrpRpWwQaPwIlISEJhYU5Pw==
  
  batch@0.6.1:
    version "0.6.1"
    resolved "https://registry.yarnpkg.com/batch/-/batch-0.6.1.tgz#dc34314f4e679318093fc760272525f94bf25c16"
    integrity sha512-x+VAiMRL6UPkx+kudNvxTl6hB2XNNCG2r+7wixVfIYwu/2HKRXimwQyaumLjMveWvT2Hkd/cAJw+QBMfJ/EKVw==
  
  binary-extensions@^2.0.0:
    version "2.3.0"
    resolved "https://registry.yarnpkg.com/binary-extensions/-/binary-extensions-2.3.0.tgz#f6e14a97858d327252200242d4ccfe522c445522"
    integrity sha512-Ceh+7ox5qe7LJuLHoY0feh3pHuUDHAcRUeyL2VYghZwfpkNIy/+8Ocg0a3UuSoYzavmylwuLWQOf3hl0jjMMIw==
  
  body-parser@1.20.3:
    version "1.20.3"
    resolved "https://registry.npmjs.org/body-parser/-/body-parser-1.20.3.tgz#1953431221c6fb5cd63c4b36d53fab0928e548c6"
    integrity sha512-7rAxByjUMqQ3/bHJy7D6OGXvx/MMc4IqBn/X0fcM1QUcAItpZrBEYhWGem+tzXH90c+G01ypMcYJBO9Y30203g==
    dependencies:
      bytes "3.1.2"
      content-type "~1.0.5"
      debug "2.6.9"
      depd "2.0.0"
      destroy "1.2.0"
      http-errors "2.0.0"
      iconv-lite "0.4.24"
      on-finished "2.4.1"
      qs "6.13.0"
      raw-body "2.5.2"
      type-is "~1.6.18"
      unpipe "1.0.0"
  
  bonjour-service@^1.2.1:
    version "1.3.0"
    resolved "https://registry.npmjs.org/bonjour-service/-/bonjour-service-1.3.0.tgz#80d867430b5a0da64e82a8047fc1e355bdb71722"
    integrity sha512-3YuAUiSkWykd+2Azjgyxei8OWf8thdn8AITIog2M4UICzoqfjlqr64WIjEXZllf/W6vK1goqleSR6brGomxQqA==
    dependencies:
      fast-deep-equal "^3.1.3"
      multicast-dns "^7.2.5"
  
  brace-expansion@^1.1.7:
    version "1.1.11"
    resolved "https://registry.npmjs.org/brace-expansion/-/brace-expansion-1.1.11.tgz#3c7fcbf529d87226f3d2f52b966ff5271eb441dd"
    integrity sha512-iCuPHDFgrHX7H2vEI/5xpz07zSHB00TpugqhmYtVmMO6518mCuRMoOYFldEBl0g187ufozdaHgWKcYFb61qGiA==
    dependencies:
      balanced-match "^1.0.0"
      concat-map "0.0.1"
  
  braces@^3.0.3, braces@~3.0.2:
    version "3.0.3"
    resolved "https://registry.yarnpkg.com/braces/-/braces-3.0.3.tgz#490332f40919452272d55a8480adc0c441358789"
    integrity sha512-yQbXgO/OSZVD2IsiLlro+7Hf6Q18EJrKSEsdoMzKePKXct3gvD8oLcOQdIzGupr5Fj+EDe8gO/lxc1BzfMpxvA==
    dependencies:
      fill-range "^7.1.1"
  
  browserslist@^4.23.1, browserslist@^4.23.3:
    version "4.23.3"
    resolved "https://registry.yarnpkg.com/browserslist/-/browserslist-4.23.3.tgz#debb029d3c93ebc97ffbc8d9cbb03403e227c800"
    integrity sha512-btwCFJVjI4YWDNfau8RhZ+B1Q/VLoUITrm3RlP6y1tYGWIOa+InuYiRGXUBXo8nA1qKmHMyLB/iVQg5TT4eFoA==
    dependencies:
      caniuse-lite "^1.0.30001646"
      electron-to-chromium "^1.5.4"
      node-releases "^2.0.18"
      update-browserslist-db "^1.1.0"
  
  browserslist@^4.24.0, browserslist@^4.24.3:
    version "4.24.3"
    resolved "https://registry.npmjs.org/browserslist/-/browserslist-4.24.3.tgz#5fc2725ca8fb3c1432e13dac278c7cc103e026d2"
    integrity sha512-1CPmv8iobE2fyRMV97dAcMVegvvWKxmq94hkLiAkUGwKVTyDLw33K+ZxiFrREKmmps4rIw6grcCFCnTMSZ/YiA==
    dependencies:
      caniuse-lite "^1.0.30001688"
      electron-to-chromium "^1.5.73"
      node-releases "^2.0.19"
      update-browserslist-db "^1.1.1"
  
  buffer-from@^1.0.0:
    version "1.1.2"
    resolved "https://registry.yarnpkg.com/buffer-from/-/buffer-from-1.1.2.tgz#2b146a6fd72e80b4f55d255f35ed59a3a9a41bd5"
    integrity sha512-E+XQCRwSbaaiChtv6k6Dwgc+bx+Bs6vuKJHHl5kox/BaKbhiXzqQOwK4cO22yElGp2OCmjwVhT3HmxgyPGnJfQ==
  
  bundle-name@^4.1.0:
    version "4.1.0"
    resolved "https://registry.npmjs.org/bundle-name/-/bundle-name-4.1.0.tgz#f3b96b34160d6431a19d7688135af7cfb8797889"
    integrity sha512-tjwM5exMg6BGRI+kNmTntNsvdZS1X8BFYS6tnJ2hdH0kVxM6/eVZ2xy+FqStSWvYmtfFMDLIxurorHwDKfDz5Q==
    dependencies:
      run-applescript "^7.0.0"
  
  bytes@3.0.0:
    version "3.0.0"
    resolved "https://registry.yarnpkg.com/bytes/-/bytes-3.0.0.tgz#d32815404d689699f85a4ea4fa8755dd13a96048"
    integrity sha512-pMhOfFDPiv9t5jjIXkHosWmkSyQbvsgEVNkz0ERHbuLh2T/7j4Mqqpz523Fe8MVY89KC6Sh/QfS2sM+SjgFDcw==
  
  bytes@3.1.2:
    version "3.1.2"
    resolved "https://registry.yarnpkg.com/bytes/-/bytes-3.1.2.tgz#8b0beeb98605adf1b128fa4386403c009e0221a5"
    integrity sha512-/Nf7TyzTx6S3yRJObOAV7956r8cr2+Oj8AC5dt8wSP3BQAoeX58NoHyCU8P8zGkNXStjTSi6fzO6F0pBdcYbEg==
  
  call-bind-apply-helpers@^1.0.1:
    version "1.0.1"
    resolved "https://registry.npmjs.org/call-bind-apply-helpers/-/call-bind-apply-helpers-1.0.1.tgz#32e5892e6361b29b0b545ba6f7763378daca2840"
    integrity sha512-BhYE+WDaywFg2TBWYNXAE+8B1ATnThNBqXHP5nQu0jWJdVvY2hvkpyB3qOmtmDePiS5/BDQ8wASEWGMWRG148g==
    dependencies:
      es-errors "^1.3.0"
      function-bind "^1.1.2"
  
  call-bound@^1.0.2:
    version "1.0.3"
    resolved "https://registry.npmjs.org/call-bound/-/call-bound-1.0.3.tgz#41cfd032b593e39176a71533ab4f384aa04fd681"
    integrity sha512-YTd+6wGlNlPxSuri7Y6X8tY2dmm12UMH66RpKMhiX6rsk5wXXnYgbUcOt8kiS31/AjfoTOvCsE+w8nZQLQnzHA==
    dependencies:
      call-bind-apply-helpers "^1.0.1"
      get-intrinsic "^1.2.6"
  
  caniuse-lite@^1.0.30001646:
    version "1.0.30001651"
    resolved "https://registry.yarnpkg.com/caniuse-lite/-/caniuse-lite-1.0.30001651.tgz#52de59529e8b02b1aedcaaf5c05d9e23c0c28138"
    integrity sha512-9Cf+Xv1jJNe1xPZLGuUXLNkE1BoDkqRqYyFJ9TDYSqhduqA4hu4oR9HluGoWYQC/aj8WHjsGVV+bwkh0+tegRg==
  
  caniuse-lite@^1.0.30001688:
    version "1.0.30001690"
    resolved "https://registry.npmjs.org/caniuse-lite/-/caniuse-lite-1.0.30001690.tgz#f2d15e3aaf8e18f76b2b8c1481abde063b8104c8"
    integrity sha512-5ExiE3qQN6oF8Clf8ifIDcMRCRE/dMGcETG/XGMD8/XiXm6HXQgQTh1yZYLXXpSOsEUlJm1Xr7kGULZTuGtP/w==
  
  chokidar@^3.6.0:
    version "3.6.0"
    resolved "https://registry.npmjs.org/chokidar/-/chokidar-3.6.0.tgz#197c6cc669ef2a8dc5e7b4d97ee4e092c3eb0d5b"
    integrity sha512-7VT13fmjotKpGipCW9JEQAusEPE+Ei8nl6/g4FBAmIm0GOOLMua9NDDo/DWp0ZAxCr3cPq5ZpBqmPAQgDda2Pw==
    dependencies:
      anymatch "~3.1.2"
      braces "~3.0.2"
      glob-parent "~5.1.2"
      is-binary-path "~2.1.0"
      is-glob "~4.0.1"
      normalize-path "~3.0.0"
      readdirp "~3.6.0"
    optionalDependencies:
      fsevents "~2.3.2"
  
  chrome-trace-event@^1.0.2:
    version "1.0.4"
    resolved "https://registry.yarnpkg.com/chrome-trace-event/-/chrome-trace-event-1.0.4.tgz#05bffd7ff928465093314708c93bdfa9bd1f0f5b"
    integrity sha512-rNjApaLzuwaOTjCiT8lSDdGN1APCiqkChLMJxJPWLunPAt5fy8xgU9/jNOchV84wfIxrA0lRQB7oCT8jrn/wrQ==
  
  clone-deep@^4.0.1:
    version "4.0.1"
    resolved "https://registry.yarnpkg.com/clone-deep/-/clone-deep-4.0.1.tgz#c19fd9bdbbf85942b4fd979c84dcf7d5f07c2387"
    integrity sha512-neHB9xuzh/wk0dIHweyAXv2aPGZIVk3pLMe+/RNzINf17fe0OG96QroktYAUm7SM1PBnzTabaLboqqxDyMU+SQ==
    dependencies:
      is-plain-object "^2.0.4"
      kind-of "^6.0.2"
      shallow-clone "^3.0.0"
  
  colorette@^2.0.10, colorette@^2.0.14:
    version "2.0.20"
    resolved "https://registry.yarnpkg.com/colorette/-/colorette-2.0.20.tgz#9eb793e6833067f7235902fcd3b09917a000a95a"
    integrity sha512-IfEDxwoWIjkeXL1eXcDiow4UbKjhLdq6/EuSVR9GMN7KVH3r9gQ83e73hsz1Nd1T3ijd5xv1wcWRYO+D6kCI2w==
  
  commander@^12.1.0:
    version "12.1.0"
    resolved "https://registry.npmjs.org/commander/-/commander-12.1.0.tgz#01423b36f501259fdaac4d0e4d60c96c991585d3"
    integrity sha512-Vw8qHK3bZM9y/P10u3Vib8o/DdkvA2OtPtZvD871QKjy74Wj1WSKFILMPRPSdUSx5RFK1arlJzEtA4PkFgnbuA==
  
  commander@^2.20.0:
    version "2.20.3"
    resolved "https://registry.yarnpkg.com/commander/-/commander-2.20.3.tgz#fd485e84c03eb4881c20722ba48035e8531aeb33"
    integrity sha512-GpVkmM8vF2vQUkj2LvZmD35JxeJOLCwJ9cUkugyk2nuhbv3+mJvpLYYt+0+USMxE+oj+ey/lJEnhZw75x/OMcQ==
  
  commander@^6.2.0:
    version "6.2.1"
    resolved "https://registry.npmjs.org/commander/-/commander-6.2.1.tgz#0792eb682dfbc325999bb2b84fddddba110ac73c"
    integrity sha512-U7VdrJFnJgo4xjrHpTzu0yrHPGImdsmD95ZlgYSEajAn2JKzDhDTPG9kBTefmObL2w/ngeZnilk+OV9CG3d7UA==
  
  common-path-prefix@^3.0.0:
    version "3.0.0"
    resolved "https://registry.npmjs.org/common-path-prefix/-/common-path-prefix-3.0.0.tgz#7d007a7e07c58c4b4d5f433131a19141b29f11e0"
    integrity sha512-QE33hToZseCH3jS0qN96O/bSh3kaw/h+Tq7ngyY9eWDUnTlTNUyqfqvCXioLe5Na5jFsL78ra/wuBU4iuEgd4w==
  
  compressible@~2.0.16:
    version "2.0.18"
    resolved "https://registry.yarnpkg.com/compressible/-/compressible-2.0.18.tgz#af53cca6b070d4c3c0750fbd77286a6d7cc46fba"
    integrity sha512-AF3r7P5dWxL8MxyITRMlORQNaOA2IkAFaTr4k7BUumjPtRpGDTZpl0Pb1XCO6JeDCBdp126Cgs9sMxqSjgYyRg==
    dependencies:
      mime-db ">= 1.43.0 < 2"
  
  compression@^1.7.4:
    version "1.7.4"
    resolved "https://registry.yarnpkg.com/compression/-/compression-1.7.4.tgz#95523eff170ca57c29a0ca41e6fe131f41e5bb8f"
    integrity sha512-jaSIDzP9pZVS4ZfQ+TzvtiWhdpFhE2RDHz8QJkpX9SIpLq88VueF5jJw6t+6CUQcAoA6t+x89MLrWAqpfDE8iQ==
    dependencies:
      accepts "~1.3.5"
      bytes "3.0.0"
      compressible "~2.0.16"
      debug "2.6.9"
      on-headers "~1.0.2"
      safe-buffer "5.1.2"
      vary "~1.1.2"
  
  concat-map@0.0.1:
    version "0.0.1"
    resolved "https://registry.npmjs.org/concat-map/-/concat-map-0.0.1.tgz#d8a96bd77fd68df7793a73036a3ba0d5405d477b"
    integrity sha512-/Srv4dswyQNBfohGpz9o6Yb3Gz3SrUDqBH5rTuhGR7ahtlbYKnVxw2bCFMRljaA7EXHaXZ8wsHdodFvbkhKmqg==
  
  connect-history-api-fallback@^2.0.0:
    version "2.0.0"
    resolved "https://registry.yarnpkg.com/connect-history-api-fallback/-/connect-history-api-fallback-2.0.0.tgz#647264845251a0daf25b97ce87834cace0f5f1c8"
    integrity sha512-U73+6lQFmfiNPrYbXqr6kZ1i1wiRqXnp2nhMsINseWXO8lDau0LGEffJ8kQi4EjLZympVgRdvqjAgiZ1tgzDDA==
  
  content-disposition@0.5.4:
    version "0.5.4"
    resolved "https://registry.yarnpkg.com/content-disposition/-/content-disposition-0.5.4.tgz#8b82b4efac82512a02bb0b1dcec9d2c5e8eb5bfe"
    integrity sha512-FveZTNuGw04cxlAiWbzi6zTAL/lhehaWbTtgluJh4/E95DqMwTmha3KZN1aAWA8cFIhHzMZUvLevkw5Rqk+tSQ==
    dependencies:
      safe-buffer "5.2.1"
  
  content-type@~1.0.4, content-type@~1.0.5:
    version "1.0.5"
    resolved "https://registry.yarnpkg.com/content-type/-/content-type-1.0.5.tgz#8b773162656d1d1086784c8f23a54ce6d73d7918"
    integrity sha512-nTjqfcBFEipKdXCv4YDQWCfmcLZKm81ldF0pAopTvyrFGVbcR6P/VAAd5G7N+0tTr8QqiU0tFadD6FK4NtJwOA==
  
  convert-source-map@^2.0.0:
    version "2.0.0"
    resolved "https://registry.yarnpkg.com/convert-source-map/-/convert-source-map-2.0.0.tgz#4b560f649fc4e918dd0ab75cf4961e8bc882d82a"
    integrity sha512-Kvp459HrV2FEJ1CAsi1Ku+MY3kasH19TFykTz2xWmMeq6bk2NU3XXvfJ+Q61m0xktWwt+1HSYf3JZsTms3aRJg==
  
  cookie-signature@1.0.6:
    version "1.0.6"
    resolved "https://registry.yarnpkg.com/cookie-signature/-/cookie-signature-1.0.6.tgz#e303a882b342cc3ee8ca513a79999734dab3ae2c"
    integrity sha512-QADzlaHc8icV8I7vbaJXJwod9HWYp8uCqf1xa4OfNu1T7JVxQIrUgOWtHdNDtPiywmFbiS12VjotIXLrKM3orQ==
  
  cookie@0.7.1:
    version "0.7.1"
    resolved "https://registry.npmjs.org/cookie/-/cookie-0.7.1.tgz#2f73c42142d5d5cf71310a74fc4ae61670e5dbc9"
    integrity sha512-6DnInpx7SJ2AK3+CTUE/ZM0vWTUboZCegxhC2xiIydHR9jNuTAASBrfEpHhiGOZw/nX51bHt6YQl8jsGo4y/0w==
  
  core-js-compat@^3.38.0:
    version "3.38.0"
    resolved "https://registry.yarnpkg.com/core-js-compat/-/core-js-compat-3.38.0.tgz#d93393b1aa346b6ee683377b0c31172ccfe607aa"
    integrity sha512-75LAicdLa4OJVwFxFbQR3NdnZjNgX6ILpVcVzcC4T2smerB5lELMrJQQQoWV6TiuC/vlaFqgU2tKQx9w5s0e0A==
    dependencies:
      browserslist "^4.23.3"
  
  core-js-compat@^3.38.1:
    version "3.40.0"
    resolved "https://registry.npmjs.org/core-js-compat/-/core-js-compat-3.40.0.tgz#7485912a5a4a4315c2fdb2cbdc623e6881c88b38"
    integrity sha512-0XEDpr5y5mijvw8Lbc6E5AkjrHfp7eEoPlu36SWeAbcL8fn1G1ANe8DBlo2XoNN89oVpxWwOjYIPVzR4ZvsKCQ==
    dependencies:
      browserslist "^4.24.3"
  
  core-util-is@~1.0.0:
    version "1.0.3"
    resolved "https://registry.yarnpkg.com/core-util-is/-/core-util-is-1.0.3.tgz#a6042d3634c2b27e9328f837b965fac83808db85"
    integrity sha512-ZQBvi1DcpJ4GDqanjucZ2Hj3wEO5pZDS89BWbkcrvdxksJorwUDDZamX9ldFkp9aw2lmBDLgkObEA4DWNJ9FYQ==
  
  cross-spawn@^7.0.3:
    version "7.0.3"
    resolved "https://registry.yarnpkg.com/cross-spawn/-/cross-spawn-7.0.3.tgz#f73a85b9d5d41d045551c177e2882d4ac85728a6"
    integrity sha512-iRDPJKUPVEND7dHPO8rkbOnPpyDygcDFtWjpeWNCgy8WP2rXcxXL8TskReQl6OrB2G7+UJrags1q15Fudc7G6w==
    dependencies:
      path-key "^3.1.0"
      shebang-command "^2.0.0"
      which "^2.0.1"
  
  css-loader@^7.1.2:
    version "7.1.2"
    resolved "https://registry.yarnpkg.com/css-loader/-/css-loader-7.1.2.tgz#64671541c6efe06b0e22e750503106bdd86880f8"
    integrity sha512-6WvYYn7l/XEGN8Xu2vWFt9nVzrCn39vKyTEFf/ExEyoksJjjSZV/0/35XPlMbpnr6VGhZIUg5yJrL8tGfes/FA==
    dependencies:
      icss-utils "^5.1.0"
      postcss "^8.4.33"
      postcss-modules-extract-imports "^3.1.0"
      postcss-modules-local-by-default "^4.0.5"
      postcss-modules-scope "^3.2.0"
      postcss-modules-values "^4.0.0"
      postcss-value-parser "^4.2.0"
      semver "^7.5.4"
  
  cssesc@^3.0.0:
    version "3.0.0"
    resolved "https://registry.yarnpkg.com/cssesc/-/cssesc-3.0.0.tgz#37741919903b868565e1c09ea747445cd18983ee"
    integrity sha512-/Tb/JcjK111nNScGob5MNtsntNM1aCNUDipB/TkwZFhyDrrE47SOx/18wF2bbjgc3ZzCSKW1T5nt5EbFoAz/Vg==
  
  debug@2.6.9:
    version "2.6.9"
    resolved "https://registry.yarnpkg.com/debug/-/debug-2.6.9.tgz#5d128515df134ff327e90a4c93f4e077a536341f"
    integrity sha512-bC7ElrdJaJnPbAP+1EotYvqZsb3ecl5wi6Bfi6BJTUcNowp6cvspg0jXznRTKDjm/E7AdgFBVeAPVMNcKGsHMA==
    dependencies:
      ms "2.0.0"
  
  debug@^4.1.0, debug@^4.1.1, debug@^4.3.1:
    version "4.3.6"
    resolved "https://registry.yarnpkg.com/debug/-/debug-4.3.6.tgz#2ab2c38fbaffebf8aa95fdfe6d88438c7a13c52b"
    integrity sha512-O/09Bd4Z1fBrU4VzkhFqVgpPzaGbw6Sm9FEkBT1A/YBXQFGuuSxa1dN2nxgxS34JmKXqYx8CZAwEVoJFImUXIg==
    dependencies:
      ms "2.1.2"
  
  default-browser-id@^5.0.0:
    version "5.0.0"
    resolved "https://registry.npmjs.org/default-browser-id/-/default-browser-id-5.0.0.tgz#a1d98bf960c15082d8a3fa69e83150ccccc3af26"
    integrity sha512-A6p/pu/6fyBcA1TRz/GqWYPViplrftcW2gZC9q79ngNCKAeR/X3gcEdXQHl4KNXV+3wgIJ1CPkJQ3IHM6lcsyA==
  
  default-browser@^5.2.1:
    version "5.2.1"
    resolved "https://registry.npmjs.org/default-browser/-/default-browser-5.2.1.tgz#7b7ba61204ff3e425b556869ae6d3e9d9f1712cf"
    integrity sha512-WY/3TUME0x3KPYdRRxEJJvXRHV4PyPoUsxtZa78lwItwRQRHhd2U9xOscaT/YTf8uCXIAjeJOFBVEh/7FtD8Xg==
    dependencies:
      bundle-name "^4.1.0"
      default-browser-id "^5.0.0"
  
  define-lazy-prop@^3.0.0:
    version "3.0.0"
    resolved "https://registry.npmjs.org/define-lazy-prop/-/define-lazy-prop-3.0.0.tgz#dbb19adfb746d7fc6d734a06b72f4a00d021255f"
    integrity sha512-N+MeXYoqr3pOgn8xfyRPREN7gHakLYjhsHhWGT3fWAiL4IkAt0iDw14QiiEm2bE30c5XX5q0FtAA3CK5f9/BUg==
  
  depd@2.0.0:
    version "2.0.0"
    resolved "https://registry.yarnpkg.com/depd/-/depd-2.0.0.tgz#b696163cc757560d09cf22cc8fad1571b79e76df"
    integrity sha512-g7nH6P6dyDioJogAAGprGpCtVImJhpPk/roCzdb3fIh61/s/nPsfR6onyMwkCAR/OlC3yBC0lESvUoQEAssIrw==
  
  depd@~1.1.2:
    version "1.1.2"
    resolved "https://registry.yarnpkg.com/depd/-/depd-1.1.2.tgz#9bcd52e14c097763e749b274c4346ed2e560b5a9"
    integrity sha512-7emPTl6Dpo6JRXOXjLRxck+FlLRX5847cLKEn00PLAgc3g2hTZZgr+e4c2v6QpSmLeFP3n5yUo7ft6avBK/5jQ==
  
  destroy@1.2.0:
    version "1.2.0"
    resolved "https://registry.yarnpkg.com/destroy/-/destroy-1.2.0.tgz#4803735509ad8be552934c67df614f94e66fa015"
    integrity sha512-2sJGJTaXIIaR1w4iJSNoN0hnMY7Gpc/n8D4qSCJw8QqFWXf7cuAgnEHxBpweaVcPevC2l3KpjYCx3NypQQgaJg==
  
  detect-node@^2.0.4:
    version "2.1.0"
    resolved "https://registry.yarnpkg.com/detect-node/-/detect-node-2.1.0.tgz#c9c70775a49c3d03bc2c06d9a73be550f978f8b1"
    integrity sha512-T0NIuQpnTvFDATNuHN5roPwSBG83rFsuO+MXXH9/3N1eFbn4wcPjttvjMLEPWJ0RGUYgQE7cGgS3tNxbqCGM7g==
  
  dns-packet@^5.2.2:
    version "5.6.1"
    resolved "https://registry.yarnpkg.com/dns-packet/-/dns-packet-5.6.1.tgz#ae888ad425a9d1478a0674256ab866de1012cf2f"
    integrity sha512-l4gcSouhcgIKRvyy99RNVOgxXiicE+2jZoNmaNmZ6JXiGajBOJAesk1OBlJuM5k2c+eudGdLxDqXuPCKIj6kpw==
    dependencies:
      "@leichtgewicht/ip-codec" "^2.0.1"
  
  dunder-proto@^1.0.1:
    version "1.0.1"
    resolved "https://registry.npmjs.org/dunder-proto/-/dunder-proto-1.0.1.tgz#d7ae667e1dc83482f8b70fd0f6eefc50da30f58a"
    integrity sha512-KIN/nDJBQRcXw0MLVhZE9iQHmG68qAVIBg9CqmUYjmQIhgij9U5MFvrqkUL5FbtyyzZuOeOt0zdeRe4UY7ct+A==
    dependencies:
      call-bind-apply-helpers "^1.0.1"
      es-errors "^1.3.0"
      gopd "^1.2.0"
  
  ee-first@1.1.1:
    version "1.1.1"
    resolved "https://registry.yarnpkg.com/ee-first/-/ee-first-1.1.1.tgz#590c61156b0ae2f4f0255732a158b266bc56b21d"
    integrity sha512-WMwm9LhRUo+WUaRN+vRuETqG89IgZphVSNkdFgeb6sS/E4OrDIN7t48CAewSHXc6C8lefD8KKfr5vY61brQlow==
  
  electron-to-chromium@^1.5.4:
    version "1.5.5"
    resolved "https://registry.yarnpkg.com/electron-to-chromium/-/electron-to-chromium-1.5.5.tgz#03bfdf422bdd2c05ee2657efedde21264a1a566b"
    integrity sha512-QR7/A7ZkMS8tZuoftC/jfqNkZLQO779SSW3YuZHP4eXpj3EffGLFcB/Xu9AAZQzLccTiCV+EmUo3ha4mQ9wnlA==
  
  electron-to-chromium@^1.5.73:
    version "1.5.79"
    resolved "https://registry.npmjs.org/electron-to-chromium/-/electron-to-chromium-1.5.79.tgz#4424f23f319db7a653cf9ee76102e4ac283e6b3e"
    integrity sha512-nYOxJNxQ9Om4EC88BE4pPoNI8xwSFf8pU/BAeOl4Hh/b/i6V4biTAzwV7pXi3ARKeoYO5JZKMIXTryXSVer5RA==
  
  encodeurl@~1.0.2:
    version "1.0.2"
    resolved "https://registry.yarnpkg.com/encodeurl/-/encodeurl-1.0.2.tgz#ad3ff4c86ec2d029322f5a02c3a9a606c95b3f59"
    integrity sha512-TPJXq8JqFaVYm2CWmPvnP2Iyo4ZSM7/QKcSmuMLDObfpH5fi7RUGmd/rTDf+rut/saiDiQEeVTNgAmJEdAOx0w==
  
  encodeurl@~2.0.0:
    version "2.0.0"
    resolved "https://registry.npmjs.org/encodeurl/-/encodeurl-2.0.0.tgz#7b8ea898077d7e409d3ac45474ea38eaf0857a58"
    integrity sha512-Q0n9HRi4m6JuGIV1eFlmvJB7ZEVxu93IrMyiMsGC0lrMJMWzRgx6WGquyfQgZVb31vhGgXnfmPNNXmxnOkRBrg==
  
  enhanced-resolve@^5.17.1:
    version "5.18.0"
    resolved "https://registry.npmjs.org/enhanced-resolve/-/enhanced-resolve-5.18.0.tgz#91eb1db193896b9801251eeff1c6980278b1e404"
    integrity sha512-0/r0MySGYG8YqlayBZ6MuCfECmHFdJ5qyPh8s8wa5Hnm6SaFLSK1VYCbj+NKp090Nm1caZhD+QTnmxO7esYGyQ==
    dependencies:
      graceful-fs "^4.2.4"
      tapable "^2.2.0"
  
  envinfo@^7.14.0:
    version "7.14.0"
    resolved "https://registry.npmjs.org/envinfo/-/envinfo-7.14.0.tgz#26dac5db54418f2a4c1159153a0b2ae980838aae"
    integrity sha512-CO40UI41xDQzhLB1hWyqUKgFhs250pNcGbyGKe1l/e4FSaI/+YE4IMG76GDt0In67WLPACIITC+sOi08x4wIvg==
  
  es-define-property@^1.0.1:
    version "1.0.1"
    resolved "https://registry.npmjs.org/es-define-property/-/es-define-property-1.0.1.tgz#983eb2f9a6724e9303f61addf011c72e09e0b0fa"
    integrity sha512-e3nRfgfUZ4rNGL232gUgX06QNyyez04KdjFrF+LTRoOXmrOgFKDg4BCdsjW8EnT69eqdYGmRpJwiPVYNrCaW3g==
  
  es-errors@^1.3.0:
    version "1.3.0"
    resolved "https://registry.yarnpkg.com/es-errors/-/es-errors-1.3.0.tgz#05f75a25dab98e4fb1dcd5e1472c0546d5057c8f"
    integrity sha512-Zf5H2Kxt2xjTvbJvP2ZWLEICxA6j+hAmMzIlypy4xcBg1vKVnx89Wy0GbS+kf5cwCVFFzdCFh2XSCFNULS6csw==
  
  es-module-lexer@^1.2.1:
    version "1.5.4"
    resolved "https://registry.yarnpkg.com/es-module-lexer/-/es-module-lexer-1.5.4.tgz#a8efec3a3da991e60efa6b633a7cad6ab8d26b78"
    integrity sha512-MVNK56NiMrOwitFB7cqDwq0CQutbw+0BvLshJSse0MUNU+y1FC3bUS/AQg7oUng+/wKrrki7JfmwtVHkVfPLlw==
  
  es-object-atoms@^1.0.0:
    version "1.0.0"
    resolved "https://registry.npmjs.org/es-object-atoms/-/es-object-atoms-1.0.0.tgz#ddb55cd47ac2e240701260bc2a8e31ecb643d941"
    integrity sha512-MZ4iQ6JwHOBQjahnjwaC1ZtIBH+2ohjamzAO3oaHcXYup7qxjF2fixyH+Q71voWHeOkI2q/TnJao/KfXYIZWbw==
    dependencies:
      es-errors "^1.3.0"
  
  esbuild@^0.24.2:
    version "0.24.2"
    resolved "https://registry.npmjs.org/esbuild/-/esbuild-0.24.2.tgz#b5b55bee7de017bff5fb8a4e3e44f2ebe2c3567d"
    integrity sha512-+9egpBW8I3CD5XPe0n6BfT5fxLzxrlDzqydF3aviG+9ni1lDC/OvMHcxqEFV0+LANZG5R1bFMWfUrjVsdwxJvA==
    optionalDependencies:
      "@esbuild/aix-ppc64" "0.24.2"
      "@esbuild/android-arm" "0.24.2"
      "@esbuild/android-arm64" "0.24.2"
      "@esbuild/android-x64" "0.24.2"
      "@esbuild/darwin-arm64" "0.24.2"
      "@esbuild/darwin-x64" "0.24.2"
      "@esbuild/freebsd-arm64" "0.24.2"
      "@esbuild/freebsd-x64" "0.24.2"
      "@esbuild/linux-arm" "0.24.2"
      "@esbuild/linux-arm64" "0.24.2"
      "@esbuild/linux-ia32" "0.24.2"
      "@esbuild/linux-loong64" "0.24.2"
      "@esbuild/linux-mips64el" "0.24.2"
      "@esbuild/linux-ppc64" "0.24.2"
      "@esbuild/linux-riscv64" "0.24.2"
      "@esbuild/linux-s390x" "0.24.2"
      "@esbuild/linux-x64" "0.24.2"
      "@esbuild/netbsd-arm64" "0.24.2"
      "@esbuild/netbsd-x64" "0.24.2"
      "@esbuild/openbsd-arm64" "0.24.2"
      "@esbuild/openbsd-x64" "0.24.2"
      "@esbuild/sunos-x64" "0.24.2"
      "@esbuild/win32-arm64" "0.24.2"
      "@esbuild/win32-ia32" "0.24.2"
      "@esbuild/win32-x64" "0.24.2"
  
  escalade@^3.1.2:
    version "3.1.2"
    resolved "https://registry.yarnpkg.com/escalade/-/escalade-3.1.2.tgz#54076e9ab29ea5bf3d8f1ed62acffbb88272df27"
    integrity sha512-ErCHMCae19vR8vQGe50xIsVomy19rg6gFu3+r3jkEO46suLMWBksvVyoGgQV+jOfl84ZSOSlmv6Gxa89PmTGmA==
  
  escalade@^3.2.0:
    version "3.2.0"
    resolved "https://registry.npmjs.org/escalade/-/escalade-3.2.0.tgz#011a3f69856ba189dffa7dc8fcce99d2a87903e5"
    integrity sha512-WUj2qlxaQtO4g6Pq5c29GTcWGDyd8itL8zTlipgECz3JesAiiOKotd8JU6otB3PACgG6xkJUyVhboMS+bje/jA==
  
  escape-html@~1.0.3:
    version "1.0.3"
    resolved "https://registry.yarnpkg.com/escape-html/-/escape-html-1.0.3.tgz#0258eae4d3d0c0974de1c169188ef0051d1d1988"
    integrity sha512-NiSupZ4OeuGwr68lGIeym/ksIZMJodUGOSCZ/FSnTxcrekbvqrgdUxlJOMpijaKZVjAJrWrGs/6Jy8OMuyj9ow==
  
  eslint-scope@5.1.1:
    version "5.1.1"
    resolved "https://registry.yarnpkg.com/eslint-scope/-/eslint-scope-5.1.1.tgz#e786e59a66cb92b3f6c1fb0d508aab174848f48c"
    integrity sha512-2NxwbF/hZ0KpepYN0cNbo+FN6XoK7GaHlQhgx/hIZl6Va0bF45RQOOwhLIy8lQDbuCiadSLCBnH2CFYquit5bw==
    dependencies:
      esrecurse "^4.3.0"
      estraverse "^4.1.1"
  
  esrecurse@^4.3.0:
    version "4.3.0"
    resolved "https://registry.yarnpkg.com/esrecurse/-/esrecurse-4.3.0.tgz#7ad7964d679abb28bee72cec63758b1c5d2c9921"
    integrity sha512-KmfKL3b6G+RXvP8N1vr3Tq1kL/oCFgn2NYXEtqP8/L3pKapUA4G8cFVaoF3SU323CD4XypR/ffioHmkti6/Tag==
    dependencies:
      estraverse "^5.2.0"
  
  estraverse@^4.1.1:
    version "4.3.0"
    resolved "https://registry.yarnpkg.com/estraverse/-/estraverse-4.3.0.tgz#398ad3f3c5a24948be7725e83d11a7de28cdbd1d"
    integrity sha512-39nnKffWz8xN1BU/2c79n9nB9HDzo0niYUqx6xyqUnyoAnQyyWpOTdZEeiCch8BBu515t4wp9ZmgVfVhn9EBpw==
  
  estraverse@^5.2.0:
    version "5.3.0"
    resolved "https://registry.yarnpkg.com/estraverse/-/estraverse-5.3.0.tgz#2eea5290702f26ab8fe5370370ff86c965d21123"
    integrity sha512-MMdARuVEQziNTeJD8DgMqmhwR11BRQ/cBP+pLtYdSTnf3MIO8fFeiINEbX36ZdNlfU/7A9f3gUw49B3oQsvwBA==
  
  esutils@^2.0.2:
    version "2.0.3"
    resolved "https://registry.yarnpkg.com/esutils/-/esutils-2.0.3.tgz#74d2eb4de0b8da1293711910d50775b9b710ef64"
    integrity sha512-kVscqXk4OCp68SZ0dkgEKVi6/8ij300KBWTJq32P/dYeWTSwK41WyTxalN1eRmA5Z9UU/LX9D7FWSmV9SAYx6g==
  
  etag@~1.8.1:
    version "1.8.1"
    resolved "https://registry.yarnpkg.com/etag/-/etag-1.8.1.tgz#41ae2eeb65efa62268aebfea83ac7d79299b0887"
    integrity sha512-aIL5Fx7mawVa300al2BnEE4iNvo1qETxLrPI/o05L7z6go7fCw1J6EQmbK4FmJ2AS7kgVF/KEZWufBfdClMcPg==
  
  eventemitter3@^4.0.0:
    version "4.0.7"
    resolved "https://registry.yarnpkg.com/eventemitter3/-/eventemitter3-4.0.7.tgz#2de9b68f6528d5644ef5c59526a1b4a07306169f"
    integrity sha512-8guHBZCwKnFhYdHr2ysuRWErTwhoN2X8XELRlrRwpmfeY2jjuUN4taQMsULKUVo1K4DvZl+0pgfyoysHxvmvEw==
  
  events@^3.2.0:
    version "3.3.0"
    resolved "https://registry.yarnpkg.com/events/-/events-3.3.0.tgz#31a95ad0a924e2d2c419a813aeb2c4e878ea7400"
    integrity sha512-mQw+2fkQbALzQ7V0MY0IqdnXNOeTtP4r0lN9z7AAawCXgqea7bDii20AYrIBrFd/Hx0M2Ocz6S111CaFkUcb0Q==
  
  express@^4.21.2:
    version "4.21.2"
    resolved "https://registry.npmjs.org/express/-/express-4.21.2.tgz#cf250e48362174ead6cea4a566abef0162c1ec32"
    integrity sha512-28HqgMZAmih1Czt9ny7qr6ek2qddF4FclbMzwhCREB6OFfH+rXAnuNCwo1/wFvrtbgsQDb4kSbX9de9lFbrXnA==
    dependencies:
      accepts "~1.3.8"
      array-flatten "1.1.1"
      body-parser "1.20.3"
      content-disposition "0.5.4"
      content-type "~1.0.4"
      cookie "0.7.1"
      cookie-signature "1.0.6"
      debug "2.6.9"
      depd "2.0.0"
      encodeurl "~2.0.0"
      escape-html "~1.0.3"
      etag "~1.8.1"
      finalhandler "1.3.1"
      fresh "0.5.2"
      http-errors "2.0.0"
      merge-descriptors "1.0.3"
      methods "~1.1.2"
      on-finished "2.4.1"
      parseurl "~1.3.3"
      path-to-regexp "0.1.12"
      proxy-addr "~2.0.7"
      qs "6.13.0"
      range-parser "~1.2.1"
      safe-buffer "5.2.1"
      send "0.19.0"
      serve-static "1.16.2"
      setprototypeof "1.2.0"
      statuses "2.0.1"
      type-is "~1.6.18"
      utils-merge "1.0.1"
      vary "~1.1.2"
  
  fast-deep-equal@^3.1.1, fast-deep-equal@^3.1.3:
    version "3.1.3"
    resolved "https://registry.yarnpkg.com/fast-deep-equal/-/fast-deep-equal-3.1.3.tgz#3a7d56b559d6cbc3eb512325244e619a65c6c525"
    integrity sha512-f3qQ9oQy9j2AhBe/H9VC91wLmKBCCU/gDOnKNAYG5hswO7BLKj09Hc5HYNz9cGI++xlpDCIgDaitVs03ATR84Q==
  
  fast-json-stable-stringify@^2.0.0:
    version "2.1.0"
    resolved "https://registry.yarnpkg.com/fast-json-stable-stringify/-/fast-json-stable-stringify-2.1.0.tgz#874bf69c6f404c2b5d99c481341399fd55892633"
    integrity sha512-lhd/wF+Lk98HZoTCtlVraHtfh5XYijIjalXck7saUtuanSDyLMxnHhSXEDJqHxD7msR8D0uCmqlkwjCV8xvwHw==
  
  fast-uri@^3.0.1:
    version "3.0.1"
    resolved "https://registry.yarnpkg.com/fast-uri/-/fast-uri-3.0.1.tgz#cddd2eecfc83a71c1be2cc2ef2061331be8a7134"
    integrity sha512-MWipKbbYiYI0UC7cl8m/i/IWTqfC8YXsqjzybjddLsFjStroQzsHXkc73JutMvBiXmOvapk+axIl79ig5t55Bw==
  
  fastest-levenshtein@^1.0.12:
    version "1.0.16"
    resolved "https://registry.yarnpkg.com/fastest-levenshtein/-/fastest-levenshtein-1.0.16.tgz#210e61b6ff181de91ea9b3d1b84fdedd47e034e5"
    integrity sha512-eRnCtTTtGZFpQCwhJiUOuxPQWRXVKYDn0b2PeHfXL6/Zi53SLAzAHfVhVWK2AryC/WH05kGfxhFIPvTF0SXQzg==
  
  faye-websocket@^0.11.3:
    version "0.11.4"
    resolved "https://registry.yarnpkg.com/faye-websocket/-/faye-websocket-0.11.4.tgz#7f0d9275cfdd86a1c963dc8b65fcc451edcbb1da"
    integrity sha512-CzbClwlXAuiRQAlUyfqPgvPoNKTckTPGfwZV4ZdAhVcP2lh9KUxJg2b5GkE7XbjKQ3YJnQ9z6D9ntLAlB+tP8g==
    dependencies:
      websocket-driver ">=0.5.1"
  
  fill-range@^7.1.1:
    version "7.1.1"
    resolved "https://registry.yarnpkg.com/fill-range/-/fill-range-7.1.1.tgz#44265d3cac07e3ea7dc247516380643754a05292"
    integrity sha512-YsGpe3WHLK8ZYi4tWDg2Jy3ebRz2rXowDxnld4bkQB00cc/1Zw9AWnC0i9ztDJitivtQvaI9KaLyKrc+hBW0yg==
    dependencies:
      to-regex-range "^5.0.1"
  
  finalhandler@1.3.1:
    version "1.3.1"
    resolved "https://registry.npmjs.org/finalhandler/-/finalhandler-1.3.1.tgz#0c575f1d1d324ddd1da35ad7ece3df7d19088019"
    integrity sha512-6BN9trH7bp3qvnrRyzsBz+g3lZxTNZTbVO2EV1CS0WIcDbawYVdYvGflME/9QP0h0pYlCDBCTjYa9nZzMDpyxQ==
    dependencies:
      debug "2.6.9"
      encodeurl "~2.0.0"
      escape-html "~1.0.3"
      on-finished "2.4.1"
      parseurl "~1.3.3"
      statuses "2.0.1"
      unpipe "~1.0.0"
  
  find-cache-dir@^4.0.0:
    version "4.0.0"
    resolved "https://registry.npmjs.org/find-cache-dir/-/find-cache-dir-4.0.0.tgz#a30ee0448f81a3990708f6453633c733e2f6eec2"
    integrity sha512-9ZonPT4ZAK4a+1pUPVPZJapbi7O5qbbJPdYw/NOQWZZbVLdDTYM3A4R9z/DpAM08IDaFGsvPgiGZ82WEwUDWjg==
    dependencies:
      common-path-prefix "^3.0.0"
      pkg-dir "^7.0.0"
  
  find-up@^4.0.0:
    version "4.1.0"
    resolved "https://registry.yarnpkg.com/find-up/-/find-up-4.1.0.tgz#97afe7d6cdc0bc5928584b7c8d7b16e8a9aa5d19"
    integrity sha512-PpOwAdQ/YlXQ2vj8a3h8IipDuYRi3wceVQQGYWxNINccq40Anw7BlsEXCMbt1Zt+OLA6Fq9suIpIWD0OsnISlw==
    dependencies:
      locate-path "^5.0.0"
      path-exists "^4.0.0"
  
  find-up@^6.3.0:
    version "6.3.0"
    resolved "https://registry.npmjs.org/find-up/-/find-up-6.3.0.tgz#2abab3d3280b2dc7ac10199ef324c4e002c8c790"
    integrity sha512-v2ZsoEuVHYy8ZIlYqwPe/39Cy+cFDzp4dXPaxNvkEuouymu+2Jbz0PxpKarJHYJTmv2HWT3O382qY8l4jMWthw==
    dependencies:
      locate-path "^7.1.0"
      path-exists "^5.0.0"
  
  flat@^5.0.2:
    version "5.0.2"
    resolved "https://registry.yarnpkg.com/flat/-/flat-5.0.2.tgz#8ca6fe332069ffa9d324c327198c598259ceb241"
    integrity sha512-b6suED+5/3rTpUBdG1gupIl8MPFCAMA0QXwmljLhvCUKcUvdE4gWky9zpuGCcXHOsz4J9wPGNWq6OKpmIzz3hQ==
  
  follow-redirects@^1.0.0:
    version "1.15.6"
    resolved "https://registry.yarnpkg.com/follow-redirects/-/follow-redirects-1.15.6.tgz#7f815c0cda4249c74ff09e95ef97c23b5fd0399b"
    integrity sha512-wWN62YITEaOpSK584EZXJafH1AGpO8RVgElfkuXbTOrPX4fIfOyEpW/CsiNd8JdYrAoOvafRTOEnvsO++qCqFA==
  
  forwarded@0.2.0:
    version "0.2.0"
    resolved "https://registry.yarnpkg.com/forwarded/-/forwarded-0.2.0.tgz#2269936428aad4c15c7ebe9779a84bf0b2a81811"
    integrity sha512-buRG0fpBtRHSTCOASe6hD258tEubFoRLb4ZNA6NxMVHNw2gOcwHo9wyablzMzOA5z9xA9L1KNjk/Nt6MT9aYow==
  
  fresh@0.5.2:
    version "0.5.2"
    resolved "https://registry.yarnpkg.com/fresh/-/fresh-0.5.2.tgz#3d8cadd90d976569fa835ab1f8e4b23a105605a7"
    integrity sha512-zJ2mQYM18rEFOudeV4GShTGIQ7RbzA7ozbU9I/XBpm7kqgMywgmylMwXHxZJmkVoYkna9d2pVXVXPdYTP9ej8Q==
  
  fs-readdir-recursive@^1.1.0:
    version "1.1.0"
    resolved "https://registry.npmjs.org/fs-readdir-recursive/-/fs-readdir-recursive-1.1.0.tgz#e32fc030a2ccee44a6b5371308da54be0b397d27"
    integrity sha512-GNanXlVr2pf02+sPN40XN8HG+ePaNcvM0q5mZBd668Obwb0yD5GiUbZOFgwn8kGMY6I3mdyDJzieUy3PTYyTRA==
  
  fs.realpath@^1.0.0:
    version "1.0.0"
    resolved "https://registry.npmjs.org/fs.realpath/-/fs.realpath-1.0.0.tgz#1504ad2523158caa40db4a2787cb01411994ea4f"
    integrity sha512-OO0pH2lK6a0hZnAdau5ItzHPI6pUlvI7jMVnxUQRtw4owF2wk8lOSabtGDCTP4Ggrg2MbGnWO9X8K1t4+fGMDw==
  
  fsevents@~2.3.2, fsevents@~2.3.3:
    version "2.3.3"
    resolved "https://registry.yarnpkg.com/fsevents/-/fsevents-2.3.3.tgz#cac6407785d03675a2a5e1a5305c697b347d90d6"
    integrity sha512-5xoDfX+fL7faATnagmWPpbFtwh/R77WmMMqqHGS65C3vvB0YHrgF+B1YmZ3441tMj5n63k0212XNoJwzlhffQw==
  
  function-bind@^1.1.2:
    version "1.1.2"
    resolved "https://registry.yarnpkg.com/function-bind/-/function-bind-1.1.2.tgz#2c02d864d97f3ea6c8830c464cbd11ab6eab7a1c"
    integrity sha512-7XHNxH7qX9xG5mIwxkhumTox/MIRNcOgDrxWsMt2pAr23WHp6MrRlN7FBSFpCpr+oVO0F744iUgR82nJMfG2SA==
  
  gensync@^1.0.0-beta.2:
    version "1.0.0-beta.2"
    resolved "https://registry.yarnpkg.com/gensync/-/gensync-1.0.0-beta.2.tgz#32a6ee76c3d7f52d46b2b1ae5d93fea8580a25e0"
    integrity sha512-3hN7NaskYvMDLQY55gnW3NQ+mesEAepTqlg+VEbj7zzqEMBVNhzcGYYeqFo/TlYz6eQiFcp1HcsCZO+nGgS8zg==
  
  get-intrinsic@^1.2.5, get-intrinsic@^1.2.6:
    version "1.2.7"
    resolved "https://registry.npmjs.org/get-intrinsic/-/get-intrinsic-1.2.7.tgz#dcfcb33d3272e15f445d15124bc0a216189b9044"
    integrity sha512-VW6Pxhsrk0KAOqs3WEd0klDiF/+V7gQOpAvY1jVU/LHmaD/kQO4523aiJuikX/QAKYiW6x8Jh+RJej1almdtCA==
    dependencies:
      call-bind-apply-helpers "^1.0.1"
      es-define-property "^1.0.1"
      es-errors "^1.3.0"
      es-object-atoms "^1.0.0"
      function-bind "^1.1.2"
      get-proto "^1.0.0"
      gopd "^1.2.0"
      has-symbols "^1.1.0"
      hasown "^2.0.2"
      math-intrinsics "^1.1.0"
  
  get-proto@^1.0.0:
    version "1.0.1"
    resolved "https://registry.npmjs.org/get-proto/-/get-proto-1.0.1.tgz#150b3f2743869ef3e851ec0c49d15b1d14d00ee1"
    integrity sha512-sTSfBjoXBp89JvIKIefqw7U2CCebsc74kiY6awiGogKtoSGbgjYE/G/+l9sF3MWFPNc9IcoOC4ODfKHfxFmp0g==
    dependencies:
      dunder-proto "^1.0.1"
      es-object-atoms "^1.0.0"
  
  glob-parent@~5.1.2:
    version "5.1.2"
    resolved "https://registry.yarnpkg.com/glob-parent/-/glob-parent-5.1.2.tgz#869832c58034fe68a4093c17dc15e8340d8401c4"
    integrity sha512-AOIgSQCepiJYwP3ARnGx+5VnTu2HBYdzbGP45eLw1vr3zB3vZLeyed1sC9hnbcOc9/SrMyM5RPQrkGz4aS9Zow==
    dependencies:
      is-glob "^4.0.1"
  
  glob-to-regexp@^0.4.1:
    version "0.4.1"
    resolved "https://registry.yarnpkg.com/glob-to-regexp/-/glob-to-regexp-0.4.1.tgz#c75297087c851b9a578bd217dd59a92f59fe546e"
    integrity sha512-lkX1HJXwyMcprw/5YUZc2s7DrpAiHB21/V+E1rHUrVNokkvB6bqMzT0VfV6/86ZNabt1k14YOIaT7nDvOX3Iiw==
  
  glob@^7.2.0:
    version "7.2.3"
    resolved "https://registry.npmjs.org/glob/-/glob-7.2.3.tgz#b8df0fb802bbfa8e89bd1d938b4e16578ed44f2b"
    integrity sha512-nFR0zLpU2YCaRxwoCJvL6UvCH2JFyFVIvwTLsIf21AuHlMskA1hhTdk+LlYJtOlYt9v6dvszD2BGRqBL+iQK9Q==
    dependencies:
      fs.realpath "^1.0.0"
      inflight "^1.0.4"
      inherits "2"
      minimatch "^3.1.1"
      once "^1.3.0"
      path-is-absolute "^1.0.0"
  
  globals@^11.1.0:
    version "11.12.0"
    resolved "https://registry.yarnpkg.com/globals/-/globals-11.12.0.tgz#ab8795338868a0babd8525758018c2a7eb95c42e"
    integrity sha512-WOBp/EEGUiIsJSp7wcv/y6MO+lV9UoncWqxuFfm8eBwzWNgyfBd6Gz+IeKQ9jCmyhoH99g15M3T+QaVHFjizVA==
  
  gopd@^1.2.0:
    version "1.2.0"
    resolved "https://registry.npmjs.org/gopd/-/gopd-1.2.0.tgz#89f56b8217bdbc8802bd299df6d7f1081d7e51a1"
    integrity sha512-ZUKRh6/kUFoAiTAtTYPZJ3hw9wNxx+BIBOijnlG9PnrJsCcSjs1wyyD6vJpaYtgnzDrKYRSqf3OO6Rfa93xsRg==
  
  graceful-fs@^4.1.2, graceful-fs@^4.2.11, graceful-fs@^4.2.4, graceful-fs@^4.2.6:
    version "4.2.11"
    resolved "https://registry.yarnpkg.com/graceful-fs/-/graceful-fs-4.2.11.tgz#4183e4e8bf08bb6e05bbb2f7d2e0c8f712ca40e3"
    integrity sha512-RbJ5/jmFcNNCcDV5o9eTnBLJ/HszWV0P73bc+Ff4nS/rJj+YaS6IGyiOL0VoBYX+l1Wrl3k63h/KrH+nhJ0XvQ==
  
  handle-thing@^2.0.0:
    version "2.0.1"
    resolved "https://registry.yarnpkg.com/handle-thing/-/handle-thing-2.0.1.tgz#857f79ce359580c340d43081cc648970d0bb234e"
    integrity sha512-9Qn4yBxelxoh2Ow62nP+Ka/kMnOXRi8BXnRaUwezLNhqelnN49xKz4F/dPP8OYLxLxq6JDtZb2i9XznUQbNPTg==
  
  has-flag@^4.0.0:
    version "4.0.0"
    resolved "https://registry.yarnpkg.com/has-flag/-/has-flag-4.0.0.tgz#944771fd9c81c81265c4d6941860da06bb59479b"
    integrity sha512-EykJT/Q1KjTWctppgIAgfSO0tKVuZUjhgMr17kqTumMl6Afv3EISleU7qZUzoXDFTAHTDC4NOoG/ZxU3EvlMPQ==
  
  has-symbols@^1.1.0:
    version "1.1.0"
    resolved "https://registry.npmjs.org/has-symbols/-/has-symbols-1.1.0.tgz#fc9c6a783a084951d0b971fe1018de813707a338"
    integrity sha512-1cDNdwJ2Jaohmb3sg4OmKaMBwuC48sYni5HUw2DvsC8LjGTLK9h+eb1X6RyuOHe4hT0ULCW68iomhjUoKUqlPQ==
  
  hasown@^2.0.2:
    version "2.0.2"
    resolved "https://registry.yarnpkg.com/hasown/-/hasown-2.0.2.tgz#003eaf91be7adc372e84ec59dc37252cedb80003"
    integrity sha512-0hJU9SCPvmMzIBdZFqNPXWa6dqh7WdH0cII9y+CyS8rG3nL48Bclra9HmKhVVUHyPWNH5Y7xDwAB7bfgSjkUMQ==
    dependencies:
      function-bind "^1.1.2"
  
  hpack.js@^2.1.6:
    version "2.1.6"
    resolved "https://registry.yarnpkg.com/hpack.js/-/hpack.js-2.1.6.tgz#87774c0949e513f42e84575b3c45681fade2a0b2"
    integrity sha512-zJxVehUdMGIKsRaNt7apO2Gqp0BdqW5yaiGHXXmbpvxgBYVZnAql+BJb4RO5ad2MgpbZKn5G6nMnegrH1FcNYQ==
    dependencies:
      inherits "^2.0.1"
      obuf "^1.0.0"
      readable-stream "^2.0.1"
      wbuf "^1.1.0"
  
  http-deceiver@^1.2.7:
    version "1.2.7"
    resolved "https://registry.yarnpkg.com/http-deceiver/-/http-deceiver-1.2.7.tgz#fa7168944ab9a519d337cb0bec7284dc3e723d87"
    integrity sha512-LmpOGxTfbpgtGVxJrj5k7asXHCgNZp5nLfp+hWc8QQRqtb7fUy6kRY3BO1h9ddF6yIPYUARgxGOwB42DnxIaNw==
  
  http-errors@2.0.0:
    version "2.0.0"
    resolved "https://registry.yarnpkg.com/http-errors/-/http-errors-2.0.0.tgz#b7774a1486ef73cf7667ac9ae0858c012c57b9d3"
    integrity sha512-FtwrG/euBzaEjYeRqOgly7G0qviiXoJWnvEH2Z1plBdXgbyjv34pHTSb9zoeHMyDy33+DWy5Wt9Wo+TURtOYSQ==
    dependencies:
      depd "2.0.0"
      inherits "2.0.4"
      setprototypeof "1.2.0"
      statuses "2.0.1"
      toidentifier "1.0.1"
  
  http-errors@~1.6.2:
    version "1.6.3"
    resolved "https://registry.yarnpkg.com/http-errors/-/http-errors-1.6.3.tgz#8b55680bb4be283a0b5bf4ea2e38580be1d9320d"
    integrity sha512-lks+lVC8dgGyh97jxvxeYTWQFvh4uw4yC12gVl63Cg30sjPX4wuGcdkICVXDAESr6OJGjqGA8Iz5mkeN6zlD7A==
    dependencies:
      depd "~1.1.2"
      inherits "2.0.3"
      setprototypeof "1.1.0"
      statuses ">= 1.4.0 < 2"
  
  http-parser-js@>=0.5.1:
    version "0.5.8"
    resolved "https://registry.yarnpkg.com/http-parser-js/-/http-parser-js-0.5.8.tgz#af23090d9ac4e24573de6f6aecc9d84a48bf20e3"
    integrity sha512-SGeBX54F94Wgu5RH3X5jsDtf4eHyRogWX1XGT3b4HuW3tQPM4AaBzoUji/4AAJNXCEOWZ5O0DgZmJw1947gD5Q==
  
  http-proxy-middleware@^2.0.7:
    version "2.0.7"
    resolved "https://registry.npmjs.org/http-proxy-middleware/-/http-proxy-middleware-2.0.7.tgz#915f236d92ae98ef48278a95dedf17e991936ec6"
    integrity sha512-fgVY8AV7qU7z/MmXJ/rxwbrtQH4jBQ9m7kp3llF0liB7glmFeVZFBepQb32T3y8n8k2+AEYuMPCpinYW+/CuRA==
    dependencies:
      "@types/http-proxy" "^1.17.8"
      http-proxy "^1.18.1"
      is-glob "^4.0.1"
      is-plain-obj "^3.0.0"
      micromatch "^4.0.2"
  
  http-proxy@^1.18.1:
    version "1.18.1"
    resolved "https://registry.yarnpkg.com/http-proxy/-/http-proxy-1.18.1.tgz#401541f0534884bbf95260334e72f88ee3976549"
    integrity sha512-7mz/721AbnJwIVbnaSv1Cz3Am0ZLT/UBwkC92VlxhXv/k/BBQfM2fXElQNC27BVGr0uwUpplYPQM9LnaBMR5NQ==
    dependencies:
      eventemitter3 "^4.0.0"
      follow-redirects "^1.0.0"
      requires-port "^1.0.0"
  
  hyperdyperid@^1.2.0:
    version "1.2.0"
    resolved "https://registry.npmjs.org/hyperdyperid/-/hyperdyperid-1.2.0.tgz#59668d323ada92228d2a869d3e474d5a33b69e6b"
    integrity sha512-Y93lCzHYgGWdrJ66yIktxiaGULYc6oGiABxhcO5AufBeOyoIdZF7bIfLaOrbM0iGIOXQQgxxRrFEnb+Y6w1n4A==
  
  iconv-lite@0.4.24:
    version "0.4.24"
    resolved "https://registry.yarnpkg.com/iconv-lite/-/iconv-lite-0.4.24.tgz#2022b4b25fbddc21d2f524974a474aafe733908b"
    integrity sha512-v3MXnZAcvnywkTUEZomIActle7RXXeedOR31wwl7VlyoXO4Qi9arvSenNQWne1TcRwhCL1HwLI21bEqdpj8/rA==
    dependencies:
      safer-buffer ">= 2.1.2 < 3"
  
  icss-utils@^5.0.0, icss-utils@^5.1.0:
    version "5.1.0"
    resolved "https://registry.yarnpkg.com/icss-utils/-/icss-utils-5.1.0.tgz#c6be6858abd013d768e98366ae47e25d5887b1ae"
    integrity sha512-soFhflCVWLfRNOPU3iv5Z9VUdT44xFRbzjLsEzSr5AQmgqPMTHdU3PMT1Cf1ssx8fLNJDA1juftYl+PUcv3MqA==
  
  import-local@^3.0.2:
    version "3.2.0"
    resolved "https://registry.yarnpkg.com/import-local/-/import-local-3.2.0.tgz#c3d5c745798c02a6f8b897726aba5100186ee260"
    integrity sha512-2SPlun1JUPWoM6t3F0dw0FkCF/jWY8kttcY4f599GLTSjh2OCuuhdTkJQsEcZzBqbXZGKMK2OqW1oZsjtf/gQA==
    dependencies:
      pkg-dir "^4.2.0"
      resolve-cwd "^3.0.0"
  
  inflight@^1.0.4:
    version "1.0.6"
    resolved "https://registry.npmjs.org/inflight/-/inflight-1.0.6.tgz#49bd6331d7d02d0c09bc910a1075ba8165b56df9"
    integrity sha512-k92I/b08q4wvFscXCLvqfsHCrjrF7yiXsQuIVvVE7N82W3+aqpzuUdBbfhWcy/FZR3/4IgflMgKLOsvPDrGCJA==
    dependencies:
      once "^1.3.0"
      wrappy "1"
  
  inherits@2, inherits@2.0.4, inherits@^2.0.1, inherits@^2.0.3, inherits@~2.0.3:
    version "2.0.4"
    resolved "https://registry.yarnpkg.com/inherits/-/inherits-2.0.4.tgz#0fa2c64f932917c3433a0ded55363aae37416b7c"
    integrity sha512-k/vGaX4/Yla3WzyMCvTQOXYeIHvqOKtnqBduzTHpzpQZzAskKMhZ2K+EnBiSM9zGSoIFeMpXKxa4dYeZIQqewQ==
  
  inherits@2.0.3:
    version "2.0.3"
    resolved "https://registry.yarnpkg.com/inherits/-/inherits-2.0.3.tgz#633c2c83e3da42a502f52466022480f4208261de"
    integrity sha512-x00IRNXNy63jwGkJmzPigoySHbaqpNuzKbBOmzK+g2OdZpQ9w+sxCN+VSB3ja7IAge2OP2qpfxTjeNcyjmW1uw==
  
  interpret@^3.1.1:
    version "3.1.1"
    resolved "https://registry.npmjs.org/interpret/-/interpret-3.1.1.tgz#5be0ceed67ca79c6c4bc5cf0d7ee843dcea110c4"
    integrity sha512-6xwYfHbajpoF0xLW+iwLkhwgvLoZDfjYfoFNu8ftMoXINzwuymNLd9u/KmwtdT2GbR+/Cz66otEGEVVUHX9QLQ==
  
  ipaddr.js@1.9.1:
    version "1.9.1"
    resolved "https://registry.yarnpkg.com/ipaddr.js/-/ipaddr.js-1.9.1.tgz#bff38543eeb8984825079ff3a2a8e6cbd46781b3"
    integrity sha512-0KI/607xoxSToH7GjN1FfSbLoU0+btTicjsQSWQlh/hZykN8KpmMf7uYwPW3R+akZ6R/w18ZlXSHBYXiYUPO3g==
  
  ipaddr.js@^2.1.0:
    version "2.2.0"
    resolved "https://registry.npmjs.org/ipaddr.js/-/ipaddr.js-2.2.0.tgz#d33fa7bac284f4de7af949638c9d68157c6b92e8"
    integrity sha512-Ag3wB2o37wslZS19hZqorUnrnzSkpOVy+IiiDEiTqNubEYpYuHWIf6K4psgN2ZWKExS4xhVCrRVfb/wfW8fWJA==
  
  is-binary-path@~2.1.0:
    version "2.1.0"
    resolved "https://registry.yarnpkg.com/is-binary-path/-/is-binary-path-2.1.0.tgz#ea1f7f3b80f064236e83470f86c09c254fb45b09"
    integrity sha512-ZMERYes6pDydyuGidse7OsHxtbI7WVeUEozgR/g7rd0xUimYNlvZRE/K2MgZTjWy725IfelLeVcEM97mmtRGXw==
    dependencies:
      binary-extensions "^2.0.0"
  
  is-core-module@^2.13.0:
    version "2.15.0"
    resolved "https://registry.yarnpkg.com/is-core-module/-/is-core-module-2.15.0.tgz#71c72ec5442ace7e76b306e9d48db361f22699ea"
    integrity sha512-Dd+Lb2/zvk9SKy1TGCt1wFJFo/MWBPMX5x7KcvLajWTGuomczdQX61PvY5yK6SVACwpoexWo81IfFyoKY2QnTA==
    dependencies:
      hasown "^2.0.2"
  
  is-core-module@^2.16.0:
    version "2.16.1"
    resolved "https://registry.npmjs.org/is-core-module/-/is-core-module-2.16.1.tgz#2a98801a849f43e2add644fbb6bc6229b19a4ef4"
    integrity sha512-UfoeMA6fIJ8wTYFEUjelnaGI67v6+N7qXJEvQuIGa99l4xsCruSYOVSQ0uPANn4dAzm8lkYPaKLrrijLq7x23w==
    dependencies:
      hasown "^2.0.2"
  
  is-docker@^3.0.0:
    version "3.0.0"
    resolved "https://registry.npmjs.org/is-docker/-/is-docker-3.0.0.tgz#90093aa3106277d8a77a5910dbae71747e15a200"
    integrity sha512-eljcgEDlEns/7AXFosB5K/2nCM4P7FQPkGc/DWLy5rmFEWvZayGrik1d9/QIY5nJ4f9YsVvBkA6kJpHn9rISdQ==
  
  is-extglob@^2.1.1:
    version "2.1.1"
    resolved "https://registry.yarnpkg.com/is-extglob/-/is-extglob-2.1.1.tgz#a88c02535791f02ed37c76a1b9ea9773c833f8c2"
    integrity sha512-SbKbANkN603Vi4jEZv49LeVJMn4yGwsbzZworEoyEiutsN3nJYdbO36zfhGJ6QEDpOZIFkDtnq5JRxmvl3jsoQ==
  
  is-glob@^4.0.1, is-glob@~4.0.1:
    version "4.0.3"
    resolved "https://registry.yarnpkg.com/is-glob/-/is-glob-4.0.3.tgz#64f61e42cbbb2eec2071a9dac0b28ba1e65d5084"
    integrity sha512-xelSayHH36ZgE7ZWhli7pW34hNbNl8Ojv5KVmkJD4hBdD3th8Tfk9vYasLM+mXWOZhFkgZfxhLSnrwRr4elSSg==
    dependencies:
      is-extglob "^2.1.1"
  
  is-inside-container@^1.0.0:
    version "1.0.0"
    resolved "https://registry.npmjs.org/is-inside-container/-/is-inside-container-1.0.0.tgz#e81fba699662eb31dbdaf26766a61d4814717ea4"
    integrity sha512-KIYLCCJghfHZxqjYBE7rEy0OBuTd5xCHS7tHVgvCLkx7StIoaxwNW3hCALgEUjFfeRk+MG/Qxmp/vtETEF3tRA==
    dependencies:
      is-docker "^3.0.0"
  
  is-network-error@^1.0.0:
    version "1.1.0"
    resolved "https://registry.npmjs.org/is-network-error/-/is-network-error-1.1.0.tgz#d26a760e3770226d11c169052f266a4803d9c997"
    integrity sha512-tUdRRAnhT+OtCZR/LxZelH/C7QtjtFrTu5tXCA8pl55eTUElUHT+GPYV8MBMBvea/j+NxQqVt3LbWMRir7Gx9g==
  
  is-number@^7.0.0:
    version "7.0.0"
    resolved "https://registry.yarnpkg.com/is-number/-/is-number-7.0.0.tgz#7535345b896734d5f80c4d06c50955527a14f12b"
    integrity sha512-41Cifkg6e8TylSpdtTpeLVMqvSBEVzTttHvERD741+pnZ8ANv0004MRL43QKPDlK9cGvNp6NZWZUBlbGXYxxng==
  
  is-plain-obj@^3.0.0:
    version "3.0.0"
    resolved "https://registry.yarnpkg.com/is-plain-obj/-/is-plain-obj-3.0.0.tgz#af6f2ea14ac5a646183a5bbdb5baabbc156ad9d7"
    integrity sha512-gwsOE28k+23GP1B6vFl1oVh/WOzmawBrKwo5Ev6wMKzPkaXaCDIQKzLnvsA42DRlbVTWorkgTKIviAKCWkfUwA==
  
  is-plain-object@^2.0.4:
    version "2.0.4"
    resolved "https://registry.yarnpkg.com/is-plain-object/-/is-plain-object-2.0.4.tgz#2c163b3fafb1b606d9d17928f05c2a1c38e07677"
    integrity sha512-h5PpgXkWitc38BBMYawTYMWJHFZJVnBquFE57xFpjB8pJFiF6gZ+bU+WyI/yqXiFR5mdLsgYNaPe8uao6Uv9Og==
    dependencies:
      isobject "^3.0.1"
  
  is-wsl@^3.1.0:
    version "3.1.0"
    resolved "https://registry.npmjs.org/is-wsl/-/is-wsl-3.1.0.tgz#e1c657e39c10090afcbedec61720f6b924c3cbd2"
    integrity sha512-UcVfVfaK4Sc4m7X3dUSoHoozQGBEFeDC+zVo06t98xe8CzHSZZBekNXH+tu0NalHolcJ/QAGqS46Hef7QXBIMw==
    dependencies:
      is-inside-container "^1.0.0"
  
  isarray@~1.0.0:
    version "1.0.0"
    resolved "https://registry.yarnpkg.com/isarray/-/isarray-1.0.0.tgz#bb935d48582cba168c06834957a54a3e07124f11"
    integrity sha512-VLghIWNM6ELQzo7zwmcg0NmTVyWKYjvIeM83yjp0wRDTmUnrM678fQbcKBo6n2CJEF0szoG//ytg+TKla89ALQ==
  
  isexe@^2.0.0:
    version "2.0.0"
    resolved "https://registry.yarnpkg.com/isexe/-/isexe-2.0.0.tgz#e8fbf374dc556ff8947a10dcb0572d633f2cfa10"
    integrity sha512-RHxMLp9lnKHGHRng9QFhRCMbYAcVpn69smSGcq3f36xjgVVWThj4qqLbTLlq7Ssj8B+fIQ1EuCEGI2lKsyQeIw==
  
  isobject@^3.0.1:
    version "3.0.1"
    resolved "https://registry.yarnpkg.com/isobject/-/isobject-3.0.1.tgz#4e431e92b11a9731636aa1f9c8d1ccbcfdab78df"
    integrity sha512-WhB9zCku7EGTj/HQQRz5aUQEUeoQZH2bWcltRErOpymJ4boYE6wL9Tbr23krRPSZ+C5zqNSrSw+Cc7sZZ4b7vg==
  
  jest-worker@^27.4.5:
    version "27.5.1"
    resolved "https://registry.yarnpkg.com/jest-worker/-/jest-worker-27.5.1.tgz#8d146f0900e8973b106b6f73cc1e9a8cb86f8db0"
    integrity sha512-7vuh85V5cdDofPyxn58nrPjBktZo0u9x1g8WtjQol+jZDaE+fhN+cIvTj11GndBnMnyfrUOG1sZQxCdjKh+DKg==
    dependencies:
      "@types/node" "*"
      merge-stream "^2.0.0"
      supports-color "^8.0.0"
  
  js-tokens@^4.0.0:
    version "4.0.0"
    resolved "https://registry.yarnpkg.com/js-tokens/-/js-tokens-4.0.0.tgz#19203fb59991df98e3a287050d4647cdeaf32499"
    integrity sha512-RdJUflcE3cUzKiMqQgsCu06FPu9UdIJO0beYbPhHN4k6apgJtifcoCtT9bcxOpYBtpD2kCM6Sbzg4CausW/PKQ==
  
  jsesc@^3.0.2:
    version "3.1.0"
    resolved "https://registry.npmjs.org/jsesc/-/jsesc-3.1.0.tgz#74d335a234f67ed19907fdadfac7ccf9d409825d"
    integrity sha512-/sM3dO2FOzXjKQhJuo0Q173wf2KOo8t4I8vHy6lF9poUp7bKT0/NHE8fPX23PwfhnykfqnC2xRxOnVw5XuGIaA==
  
  jsesc@~0.5.0:
    version "0.5.0"
    resolved "https://registry.yarnpkg.com/jsesc/-/jsesc-0.5.0.tgz#e7dee66e35d6fc16f710fe91d5cf69f70f08911d"
    integrity sha512-uZz5UnB7u4T9LvwmFqXii7pZSouaRPorGs5who1Ip7VO0wxanFvBL7GkM6dTHlgX+jhBApRetaWpnDabOeTcnA==
  
  jsesc@~3.0.2:
    version "3.0.2"
    resolved "https://registry.npmjs.org/jsesc/-/jsesc-3.0.2.tgz#bb8b09a6597ba426425f2e4a07245c3d00b9343e"
    integrity sha512-xKqzzWXDttJuOcawBt4KnKHHIf5oQ/Cxax+0PWFG+DFDgHNAdi+TXECADI+RYiFUMmx8792xsMbbgXj4CwnP4g==
  
  json-parse-even-better-errors@^2.3.1:
    version "2.3.1"
    resolved "https://registry.yarnpkg.com/json-parse-even-better-errors/-/json-parse-even-better-errors-2.3.1.tgz#7c47805a94319928e05777405dc12e1f7a4ee02d"
    integrity sha512-xyFwyhro/JEof6Ghe2iz2NcXoj2sloNsWr/XsERDK/oiPCfaNhl5ONfp+jQdAZRQQ0IJWNzH9zIZF7li91kh2w==
  
  json-schema-traverse@^0.4.1:
    version "0.4.1"
    resolved "https://registry.yarnpkg.com/json-schema-traverse/-/json-schema-traverse-0.4.1.tgz#69f6a87d9513ab8bb8fe63bdb0979c448e684660"
    integrity sha512-xbbCH5dCYU5T8LcEhhuh7HJ88HXuW3qsI3Y0zOZFKfZEHcpWiHU/Jxzk629Brsab/mMiHQti9wMP+845RPe3Vg==
  
  json-schema-traverse@^1.0.0:
    version "1.0.0"
    resolved "https://registry.yarnpkg.com/json-schema-traverse/-/json-schema-traverse-1.0.0.tgz#ae7bcb3656ab77a73ba5c49bf654f38e6b6860e2"
    integrity sha512-NM8/P9n3XjXhIZn1lLhkFaACTOURQXjWhV4BA/RnOv8xvgqtqpAX9IO4mRQxSx1Rlo4tqzeqb0sOlruaOy3dug==
  
  json5@^2.2.3:
    version "2.2.3"
    resolved "https://registry.yarnpkg.com/json5/-/json5-2.2.3.tgz#78cd6f1a19bdc12b73db5ad0c61efd66c1e29283"
    integrity sha512-XmOWe7eyHYH14cLdVPoyg+GOH3rYX++KpzrylJwSW98t3Nk+U8XOl8FWKOgwtzdb8lXGf6zYwDUzeHMWfxasyg==
  
  kind-of@^6.0.2:
    version "6.0.3"
    resolved "https://registry.yarnpkg.com/kind-of/-/kind-of-6.0.3.tgz#07c05034a6c349fa06e24fa35aa76db4580ce4dd"
    integrity sha512-dcS1ul+9tmeD95T+x28/ehLgd9mENa3LsvDTtzm3vyBEO7RPptvAD+t44WVXaUjTBRcrpFeFlC8WCruUR456hw==
  
  launch-editor@^2.6.1:
    version "2.9.1"
    resolved "https://registry.npmjs.org/launch-editor/-/launch-editor-2.9.1.tgz#253f173bd441e342d4344b4dae58291abb425047"
    integrity sha512-Gcnl4Bd+hRO9P9icCP/RVVT2o8SFlPXofuCxvA2SaZuH45whSvf5p8x5oih5ftLiVhEI4sp5xDY+R+b3zJBh5w==
    dependencies:
      picocolors "^1.0.0"
      shell-quote "^1.8.1"
  
  loader-runner@^4.2.0:
    version "4.3.0"
    resolved "https://registry.yarnpkg.com/loader-runner/-/loader-runner-4.3.0.tgz#c1b4a163b99f614830353b16755e7149ac2314e1"
    integrity sha512-3R/1M+yS3j5ou80Me59j7F9IMs4PXs3VqRrm0TU3AbKPxlmpoY1TNscJV/oGJXo8qCatFGTfDbY6W6ipGOYXfg==
  
  locate-path@^5.0.0:
    version "5.0.0"
    resolved "https://registry.yarnpkg.com/locate-path/-/locate-path-5.0.0.tgz#1afba396afd676a6d42504d0a67a3a7eb9f62aa0"
    integrity sha512-t7hw9pI+WvuwNJXwk5zVHpyhIqzg2qTlklJOf0mVxGSbe3Fp2VieZcduNYjaLDoy6p9uGpQEGWG87WpMKlNq8g==
    dependencies:
      p-locate "^4.1.0"
  
  locate-path@^7.1.0:
    version "7.2.0"
    resolved "https://registry.npmjs.org/locate-path/-/locate-path-7.2.0.tgz#69cb1779bd90b35ab1e771e1f2f89a202c2a8a8a"
    integrity sha512-gvVijfZvn7R+2qyPX8mAuKcFGDf6Nc61GdvGafQsHL0sBIxfKzA+usWn4GFC/bk+QdwPUD4kWFJLhElipq+0VA==
    dependencies:
      p-locate "^6.0.0"
  
  lodash.debounce@^4.0.8:
    version "4.0.8"
    resolved "https://registry.yarnpkg.com/lodash.debounce/-/lodash.debounce-4.0.8.tgz#82d79bff30a67c4005ffd5e2515300ad9ca4d7af"
    integrity sha512-FT1yDzDYEoYWhnSGnpE/4Kj1fLZkDFyqRb7fNt6FdYOSxlUWAtp42Eh6Wb0rGIv/m9Bgo7x4GhQbm5Ys4SG5ow==
  
  lru-cache@^5.1.1:
    version "5.1.1"
    resolved "https://registry.yarnpkg.com/lru-cache/-/lru-cache-5.1.1.tgz#1da27e6710271947695daf6848e847f01d84b920"
    integrity sha512-KpNARQA3Iwv+jTA0utUVVbrh+Jlrr1Fv0e56GGzAFOXN7dk/FviaDW8LHmK52DlcH4WP2n6gI8vN1aesBFgo9w==
    dependencies:
      yallist "^3.0.2"
  
  make-dir@^2.1.0:
    version "2.1.0"
    resolved "https://registry.npmjs.org/make-dir/-/make-dir-2.1.0.tgz#5f0310e18b8be898cc07009295a30ae41e91e6f5"
    integrity sha512-LS9X+dc8KLxXCb8dni79fLIIUA5VyZoyjSMCwTluaXA0o27cCK0bhXkpgw+sTXVpPy/lSO57ilRixqk0vDmtRA==
    dependencies:
      pify "^4.0.1"
      semver "^5.6.0"
  
  math-intrinsics@^1.1.0:
    version "1.1.0"
    resolved "https://registry.npmjs.org/math-intrinsics/-/math-intrinsics-1.1.0.tgz#a0dd74be81e2aa5c2f27e65ce283605ee4e2b7f9"
    integrity sha512-/IXtbwEk5HTPyEwyKX6hGkYXxM9nbj64B+ilVJnC/R6B0pH5G4V3b0pVbL7DBj4tkhBAppbQUlf6F6Xl9LHu1g==
  
  media-typer@0.3.0:
    version "0.3.0"
    resolved "https://registry.yarnpkg.com/media-typer/-/media-typer-0.3.0.tgz#8710d7af0aa626f8fffa1ce00168545263255748"
    integrity sha512-dq+qelQ9akHpcOl/gUVRTxVIOkAJ1wR3QAvb4RsVjS8oVoFjDGTc679wJYmUmknUF5HwMLOgb5O+a3KxfWapPQ==
  
  memfs@^4.6.0:
    version "4.15.3"
    resolved "https://registry.npmjs.org/memfs/-/memfs-4.15.3.tgz#c4f9a5027dc0ac0b006f8d5a63aee128c829a37d"
    integrity sha512-vR/g1SgqvKJgAyYla+06G4p/EOcEmwhYuVb1yc1ixcKf8o/sh7Zngv63957ZSNd1xrZJoinmNyDf2LzuP8WJXw==
    dependencies:
      "@jsonjoy.com/json-pack" "^1.0.3"
      "@jsonjoy.com/util" "^1.3.0"
      tree-dump "^1.0.1"
      tslib "^2.0.0"
  
  merge-descriptors@1.0.3:
    version "1.0.3"
    resolved "https://registry.npmjs.org/merge-descriptors/-/merge-descriptors-1.0.3.tgz#d80319a65f3c7935351e5cfdac8f9318504dbed5"
    integrity sha512-gaNvAS7TZ897/rVaZ0nMtAyxNyi/pdbjbAwUpFQpN70GqnVfOiXpeUUMKRBmzXaSQ8DdTX4/0ms62r2K+hE6mQ==
  
  merge-stream@^2.0.0:
    version "2.0.0"
    resolved "https://registry.yarnpkg.com/merge-stream/-/merge-stream-2.0.0.tgz#52823629a14dd00c9770fb6ad47dc6310f2c1f60"
    integrity sha512-abv/qOcuPfk3URPfDzmZU1LKmuw8kT+0nIHvKrKgFrwifol/doWcdA4ZqsWQ8ENrFKkd67Mfpo/LovbIUsbt3w==
  
  methods@~1.1.2:
    version "1.1.2"
    resolved "https://registry.yarnpkg.com/methods/-/methods-1.1.2.tgz#5529a4d67654134edcc5266656835b0f851afcee"
    integrity sha512-iclAHeNqNm68zFtnZ0e+1L2yUIdvzNoauKU4WBA3VvH/vPFieF7qfRlwUZU+DA9P9bPXIS90ulxoUoCH23sV2w==
  
  micromatch@^4.0.2:
    version "4.0.7"
    resolved "https://registry.yarnpkg.com/micromatch/-/micromatch-4.0.7.tgz#33e8190d9fe474a9895525f5618eee136d46c2e5"
    integrity sha512-LPP/3KorzCwBxfeUuZmaR6bG2kdeHSbe0P2tY3FLRU4vYrjYz5hI4QZwV0njUx3jeuKe67YukQ1LSPZBKDqO/Q==
    dependencies:
      braces "^3.0.3"
      picomatch "^2.3.1"
  
  mime-db@1.52.0:
    version "1.52.0"
    resolved "https://registry.yarnpkg.com/mime-db/-/mime-db-1.52.0.tgz#bbabcdc02859f4987301c856e3387ce5ec43bf70"
    integrity sha512-sPU4uV7dYlvtWJxwwxHD0PuihVNiE7TyAbQ5SWxDCB9mUYvOgroQOwYQQOKPJ8CIbE+1ETVlOoK1UC2nU3gYvg==
  
  "mime-db@>= 1.43.0 < 2":
    version "1.53.0"
    resolved "https://registry.yarnpkg.com/mime-db/-/mime-db-1.53.0.tgz#3cb63cd820fc29896d9d4e8c32ab4fcd74ccb447"
    integrity sha512-oHlN/w+3MQ3rba9rqFr6V/ypF10LSkdwUysQL7GkXoTgIWeV+tcXGA852TBxH+gsh8UWoyhR1hKcoMJTuWflpg==
  
  mime-types@^2.1.27, mime-types@^2.1.31, mime-types@~2.1.17, mime-types@~2.1.24, mime-types@~2.1.34:
    version "2.1.35"
    resolved "https://registry.yarnpkg.com/mime-types/-/mime-types-2.1.35.tgz#381a871b62a734450660ae3deee44813f70d959a"
    integrity sha512-ZDY+bPm5zTTF+YpCrAU9nK0UgICYPT0QtT1NZWFv4s++TNkcgVaT0g6+4R2uI4MjQjzysHB1zxuWL50hzaeXiw==
    dependencies:
      mime-db "1.52.0"
  
  mime@1.6.0:
    version "1.6.0"
    resolved "https://registry.yarnpkg.com/mime/-/mime-1.6.0.tgz#32cd9e5c64553bd58d19a568af452acff04981b1"
    integrity sha512-x0Vn8spI+wuJ1O6S7gnbaQg8Pxh4NNHb7KSINmEWKiPE4RKOplvijn+NkmYmmRgP68mc70j2EbeTFRsrswaQeg==
  
  mini-css-extract-plugin@^2.9.2:
    version "2.9.2"
    resolved "https://registry.npmjs.org/mini-css-extract-plugin/-/mini-css-extract-plugin-2.9.2.tgz#966031b468917a5446f4c24a80854b2947503c5b"
    integrity sha512-GJuACcS//jtq4kCtd5ii/M0SZf7OZRH+BxdqXZHaJfb8TJiVl+NgQRPwiYt2EuqeSkNydn/7vP+bcE27C5mb9w==
    dependencies:
      schema-utils "^4.0.0"
      tapable "^2.2.1"
  
  minimalistic-assert@^1.0.0:
    version "1.0.1"
    resolved "https://registry.yarnpkg.com/minimalistic-assert/-/minimalistic-assert-1.0.1.tgz#2e194de044626d4a10e7f7fbc00ce73e83e4d5c7"
    integrity sha512-UtJcAD4yEaGtjPezWuO9wC4nwUnVH/8/Im3yEHQP4b67cXlD/Qr9hdITCU1xDbSEXg2XKNaP8jsReV7vQd00/A==
  
  minimatch@^3.1.1:
    version "3.1.2"
    resolved "https://registry.npmjs.org/minimatch/-/minimatch-3.1.2.tgz#19cd194bfd3e428f049a70817c038d89ab4be35b"
    integrity sha512-J7p63hRiAjw1NDEww1W7i37+ByIrOWO5XQQAzZ3VOcL0PNybwpfmV/N05zFAzwQ9USyEcX6t3UO+K5aqBQOIHw==
    dependencies:
      brace-expansion "^1.1.7"
  
  ms@2.0.0:
    version "2.0.0"
    resolved "https://registry.yarnpkg.com/ms/-/ms-2.0.0.tgz#5608aeadfc00be6c2901df5f9861788de0d597c8"
    integrity sha512-Tpp60P6IUJDTuOq/5Z8cdskzJujfwqfOTkrwIwj7IRISpnkJnT6SyJ4PCPnGMoFjC9ddhal5KVIYtAt97ix05A==
  
  ms@2.1.2:
    version "2.1.2"
    resolved "https://registry.yarnpkg.com/ms/-/ms-2.1.2.tgz#d09d1f357b443f493382a8eb3ccd183872ae6009"
    integrity sha512-sGkPx+VjMtmA6MX27oA4FBFELFCZZ4S4XqeGOXCv68tT+jb3vk/RyaKWP0PTKyWtmLSM0b+adUTEvbs1PEaH2w==
  
  ms@2.1.3:
    version "2.1.3"
    resolved "https://registry.yarnpkg.com/ms/-/ms-2.1.3.tgz#574c8138ce1d2b5861f0b44579dbadd60c6615b2"
    integrity sha512-6FlzubTLZG3J2a/NVCAleEhjzq5oxgHyaCU9yYXvcLsvoVaHJq/s5xXI6/XXP6tz7R9xAOtHnSO/tXtF3WRTlA==
  
  multicast-dns@^7.2.5:
    version "7.2.5"
    resolved "https://registry.yarnpkg.com/multicast-dns/-/multicast-dns-7.2.5.tgz#77eb46057f4d7adbd16d9290fa7299f6fa64cced"
    integrity sha512-2eznPJP8z2BFLX50tf0LuODrpINqP1RVIm/CObbTcBRITQgmC/TjcREF1NeTBzIcR5XO/ukWo+YHOjBbFwIupg==
    dependencies:
      dns-packet "^5.2.2"
      thunky "^1.0.2"
  
  nanoid@^3.3.7:
    version "3.3.7"
    resolved "https://registry.yarnpkg.com/nanoid/-/nanoid-3.3.7.tgz#d0c301a691bc8d54efa0a2226ccf3fe2fd656bd8"
    integrity sha512-eSRppjcPIatRIMC1U6UngP8XFcz8MQWGQdt1MTBQ7NaAmvXDfvNxbvWV3x2y6CdEUciCSsDHDQZbhYaB8QEo2g==
  
  negotiator@0.6.3:
    version "0.6.3"
    resolved "https://registry.yarnpkg.com/negotiator/-/negotiator-0.6.3.tgz#58e323a72fedc0d6f9cd4d31fe49f51479590ccd"
    integrity sha512-+EUsqGPLsM+j/zdChZjsnX51g4XrHFOIXwfnCVPGlQk/k5giakcKsuxCObBRu6DSm9opw/O6slWbJdghQM4bBg==
  
  neo-async@^2.6.2:
    version "2.6.2"
    resolved "https://registry.yarnpkg.com/neo-async/-/neo-async-2.6.2.tgz#b4aafb93e3aeb2d8174ca53cf163ab7d7308305f"
    integrity sha512-Yd3UES5mWCSqR+qNT93S3UoYUkqAZ9lLg8a7g9rimsWmYGK8cVToA4/sF3RrshdyV3sAGMXVUmpMYOw+dLpOuw==
  
  node-forge@^1:
    version "1.3.1"
    resolved "https://registry.yarnpkg.com/node-forge/-/node-forge-1.3.1.tgz#be8da2af243b2417d5f646a770663a92b7e9ded3"
    integrity sha512-dPEtOeMvF9VMcYV/1Wb8CPoVAXtp6MKMlcbAt4ddqmGqUJ6fQZFXkNZNkNlfevtNkGtaSoXf/vNNNSvgrdXwtA==
  
  node-releases@^2.0.18:
    version "2.0.18"
    resolved "https://registry.yarnpkg.com/node-releases/-/node-releases-2.0.18.tgz#f010e8d35e2fe8d6b2944f03f70213ecedc4ca3f"
    integrity sha512-d9VeXT4SJ7ZeOqGX6R5EM022wpL+eWPooLI+5UpWn2jCT1aosUQEhQP214x33Wkwx3JQMvIm+tIoVOdodFS40g==
  
  node-releases@^2.0.19:
    version "2.0.19"
    resolved "https://registry.npmjs.org/node-releases/-/node-releases-2.0.19.tgz#9e445a52950951ec4d177d843af370b411caf314"
    integrity sha512-xxOWJsBKtzAq7DY0J+DTzuz58K8e7sJbdgwkbMWQe8UYB6ekmsQ45q0M/tJDsGaZmbC+l7n57UV8Hl5tHxO9uw==
  
  normalize-path@^3.0.0, normalize-path@~3.0.0:
    version "3.0.0"
    resolved "https://registry.yarnpkg.com/normalize-path/-/normalize-path-3.0.0.tgz#0dcd69ff23a1c9b11fd0978316644a0388216a65"
    integrity sha512-6eZs5Ls3WtCisHWp9S2GUy8dqkpGi4BVSz3GaqiE6ezub0512ESztXUwUB6C6IKbQkY2Pnb/mD4WYojCRwcwLA==
  
  object-inspect@^1.13.3:
    version "1.13.3"
    resolved "https://registry.npmjs.org/object-inspect/-/object-inspect-1.13.3.tgz#f14c183de51130243d6d18ae149375ff50ea488a"
    integrity sha512-kDCGIbxkDSXE3euJZZXzc6to7fCrKHNI/hSRQnRuQ+BWjFNzZwiFF8fj/6o2t2G9/jTj8PSIYTfCLelLZEeRpA==
  
  obuf@^1.0.0, obuf@^1.1.2:
    version "1.1.2"
    resolved "https://registry.yarnpkg.com/obuf/-/obuf-1.1.2.tgz#09bea3343d41859ebd446292d11c9d4db619084e"
    integrity sha512-PX1wu0AmAdPqOL1mWhqmlOd8kOIZQwGZw6rh7uby9fTc5lhaOWFLX3I6R1hrF9k3zUY40e6igsLGkDXK92LJNg==
  
  on-finished@2.4.1, on-finished@^2.4.1:
    version "2.4.1"
    resolved "https://registry.yarnpkg.com/on-finished/-/on-finished-2.4.1.tgz#58c8c44116e54845ad57f14ab10b03533184ac3f"
    integrity sha512-oVlzkg3ENAhCk2zdv7IJwd/QUD4z2RxRwpkcGY8psCVcCYZNq4wYnVWALHM+brtuJjePWiYF/ClmuDr8Ch5+kg==
    dependencies:
      ee-first "1.1.1"
  
  on-headers@~1.0.2:
    version "1.0.2"
    resolved "https://registry.yarnpkg.com/on-headers/-/on-headers-1.0.2.tgz#772b0ae6aaa525c399e489adfad90c403eb3c28f"
    integrity sha512-pZAE+FJLoyITytdqK0U5s+FIpjN0JP3OzFi/u8Rx+EV5/W+JTWGXG8xFzevE7AjBfDqHv/8vL8qQsIhHnqRkrA==
  
  once@^1.3.0:
    version "1.4.0"
    resolved "https://registry.npmjs.org/once/-/once-1.4.0.tgz#583b1aa775961d4b113ac17d9c50baef9dd76bd1"
    integrity sha512-lNaJgI+2Q5URQBkccEKHTQOPaXdUxnZZElQTZY0MFUAuaEqe1E+Nyvgdz/aIyNi6Z9MzO5dv1H8n58/GELp3+w==
    dependencies:
      wrappy "1"
  
  open@^10.0.3:
    version "10.1.0"
    resolved "https://registry.npmjs.org/open/-/open-10.1.0.tgz#a7795e6e5d519abe4286d9937bb24b51122598e1"
    integrity sha512-mnkeQ1qP5Ue2wd+aivTD3NHd/lZ96Lu0jgf0pwktLPtx6cTZiH7tyeGRRHs0zX0rbrahXPnXlUnbeXyaBBuIaw==
    dependencies:
      default-browser "^5.2.1"
      define-lazy-prop "^3.0.0"
      is-inside-container "^1.0.0"
      is-wsl "^3.1.0"
  
  p-limit@^2.2.0:
    version "2.3.0"
    resolved "https://registry.yarnpkg.com/p-limit/-/p-limit-2.3.0.tgz#3dd33c647a214fdfffd835933eb086da0dc21db1"
    integrity sha512-//88mFWSJx8lxCzwdAABTJL2MyWB12+eIY7MDL2SqLmAkeKU9qxRvWuSyTjm3FUmpBEMuFfckAIqEaVGUDxb6w==
    dependencies:
      p-try "^2.0.0"
  
  p-limit@^4.0.0:
    version "4.0.0"
    resolved "https://registry.npmjs.org/p-limit/-/p-limit-4.0.0.tgz#914af6544ed32bfa54670b061cafcbd04984b644"
    integrity sha512-5b0R4txpzjPWVw/cXXUResoD4hb6U/x9BH08L7nw+GN1sezDzPdxeRvpc9c433fZhBan/wusjbCsqwqm4EIBIQ==
    dependencies:
      yocto-queue "^1.0.0"
  
  p-locate@^4.1.0:
    version "4.1.0"
    resolved "https://registry.yarnpkg.com/p-locate/-/p-locate-4.1.0.tgz#a3428bb7088b3a60292f66919278b7c297ad4f07"
    integrity sha512-R79ZZ/0wAxKGu3oYMlz8jy/kbhsNrS7SKZ7PxEHBgJ5+F2mtFW2fK2cOtBh1cHYkQsbzFV7I+EoRKe6Yt0oK7A==
    dependencies:
      p-limit "^2.2.0"
  
  p-locate@^6.0.0:
    version "6.0.0"
    resolved "https://registry.npmjs.org/p-locate/-/p-locate-6.0.0.tgz#3da9a49d4934b901089dca3302fa65dc5a05c04f"
    integrity sha512-wPrq66Llhl7/4AGC6I+cqxT07LhXvWL08LNXz1fENOw0Ap4sRZZ/gZpTTJ5jpurzzzfS2W/Ge9BY3LgLjCShcw==
    dependencies:
      p-limit "^4.0.0"
  
  p-retry@^6.2.0:
    version "6.2.1"
    resolved "https://registry.npmjs.org/p-retry/-/p-retry-6.2.1.tgz#81828f8dc61c6ef5a800585491572cc9892703af"
    integrity sha512-hEt02O4hUct5wtwg4H4KcWgDdm+l1bOaEy/hWzd8xtXB9BqxTWBBhb+2ImAtH4Cv4rPjV76xN3Zumqk3k3AhhQ==
    dependencies:
      "@types/retry" "0.12.2"
      is-network-error "^1.0.0"
      retry "^0.13.1"
  
  p-try@^2.0.0:
    version "2.2.0"
    resolved "https://registry.yarnpkg.com/p-try/-/p-try-2.2.0.tgz#cb2868540e313d61de58fafbe35ce9004d5540e6"
    integrity sha512-R4nPAVTAU0B9D35/Gk3uJf/7XYbQcyohSKdvAxIRSNghFl4e71hVoGnBNQz9cWaXxO2I10KTC+3jMdvvoKw6dQ==
  
  parseurl@~1.3.2, parseurl@~1.3.3:
    version "1.3.3"
    resolved "https://registry.yarnpkg.com/parseurl/-/parseurl-1.3.3.tgz#9da19e7bee8d12dff0513ed5b76957793bc2e8d4"
    integrity sha512-CiyeOxFT/JZyN5m0z9PfXw4SCBJ6Sygz1Dpl0wqjlhDEGGBP1GnsUVEL0p63hoG1fcj3fHynXi9NYO4nWOL+qQ==
  
  path-exists@^4.0.0:
    version "4.0.0"
    resolved "https://registry.yarnpkg.com/path-exists/-/path-exists-4.0.0.tgz#513bdbe2d3b95d7762e8c1137efa195c6c61b5b3"
    integrity sha512-ak9Qy5Q7jYb2Wwcey5Fpvg2KoAc/ZIhLSLOSBmRmygPsGwkVVt0fZa0qrtMz+m6tJTAHfZQ8FnmB4MG4LWy7/w==
  
  path-exists@^5.0.0:
    version "5.0.0"
    resolved "https://registry.npmjs.org/path-exists/-/path-exists-5.0.0.tgz#a6aad9489200b21fab31e49cf09277e5116fb9e7"
    integrity sha512-RjhtfwJOxzcFmNOi6ltcbcu4Iu+FL3zEj83dk4kAS+fVpTxXLO1b38RvJgT/0QwvV/L3aY9TAnyv0EOqW4GoMQ==
  
  path-is-absolute@^1.0.0:
    version "1.0.1"
    resolved "https://registry.npmjs.org/path-is-absolute/-/path-is-absolute-1.0.1.tgz#174b9268735534ffbc7ace6bf53a5a9e1b5c5f5f"
    integrity sha512-AVbw3UJ2e9bq64vSaS9Am0fje1Pa8pbGqTTsmXfaIiMpnr5DlDhfJOuLj9Sf95ZPVDAUerDfEk88MPmPe7UCQg==
  
  path-key@^3.1.0:
    version "3.1.1"
    resolved "https://registry.yarnpkg.com/path-key/-/path-key-3.1.1.tgz#581f6ade658cbba65a0d3380de7753295054f375"
    integrity sha512-ojmeN0qd+y0jszEtoY48r0Peq5dwMEkIlCOu6Q5f41lfkswXuKtYrhgoTpLnyIcHm24Uhqx+5Tqm2InSwLhE6Q==
  
  path-parse@^1.0.7:
    version "1.0.7"
    resolved "https://registry.yarnpkg.com/path-parse/-/path-parse-1.0.7.tgz#fbc114b60ca42b30d9daf5858e4bd68bbedb6735"
    integrity sha512-LDJzPVEEEPR+y48z93A0Ed0yXb8pAByGWo/k5YYdYgpY2/2EsOsksJrq7lOHxryrVOn1ejG6oAp8ahvOIQD8sw==
  
  path-to-regexp@0.1.12:
    version "0.1.12"
    resolved "https://registry.npmjs.org/path-to-regexp/-/path-to-regexp-0.1.12.tgz#d5e1a12e478a976d432ef3c58d534b9923164bb7"
    integrity sha512-RA1GjUVMnvYFxuqovrEqZoxxW5NUZqbwKtYz/Tt7nXerk0LbLblQmrsgdeOxV5SFHf0UDggjS/bSeOZwt1pmEQ==
  
  picocolors@^1.0.0, picocolors@^1.0.1:
    version "1.0.1"
    resolved "https://registry.yarnpkg.com/picocolors/-/picocolors-1.0.1.tgz#a8ad579b571952f0e5d25892de5445bcfe25aaa1"
    integrity sha512-anP1Z8qwhkbmu7MFP5iTt+wQKXgwzf7zTyGlcdzabySa9vd0Xt392U0rVmz9poOaBj0uHJKyyo9/upk0HrEQew==
  
  picocolors@^1.1.0, picocolors@^1.1.1:
    version "1.1.1"
    resolved "https://registry.npmjs.org/picocolors/-/picocolors-1.1.1.tgz#3d321af3eab939b083c8f929a1d12cda81c26b6b"
    integrity sha512-xceH2snhtb5M9liqDsmEw56le376mTZkEX/jEb/RxNFyegNul7eNslCXP9FDj/Lcu0X8KEyMceP2ntpaHrDEVA==
  
  picomatch@^2.0.4, picomatch@^2.2.1, picomatch@^2.3.1:
    version "2.3.1"
    resolved "https://registry.yarnpkg.com/picomatch/-/picomatch-2.3.1.tgz#3ba3833733646d9d3e4995946c1365a67fb07a42"
    integrity sha512-JU3teHTNjmE2VCGFzuY8EXzCDVwEqB2a8fsIvwaStHhAWJEeVd1o1QD80CU6+ZdEXXSLbSsuLwJjkCBWqRQUVA==
  
  pify@^4.0.1:
    version "4.0.1"
    resolved "https://registry.npmjs.org/pify/-/pify-4.0.1.tgz#4b2cd25c50d598735c50292224fd8c6df41e3231"
    integrity sha512-uB80kBFb/tfd68bVleG9T5GGsGPjJrLAUpR5PZIrhBnIaRTQRjqdJSsIKkOP6OAIFbj7GOrcudc5pNjZ+geV2g==
  
  pkg-dir@^4.2.0:
    version "4.2.0"
    resolved "https://registry.yarnpkg.com/pkg-dir/-/pkg-dir-4.2.0.tgz#f099133df7ede422e81d1d8448270eeb3e4261f3"
    integrity sha512-HRDzbaKjC+AOWVXxAU/x54COGeIv9eb+6CkDSQoNTt4XyWoIJvuPsXizxu/Fr23EiekbtZwmh1IcIG/l/a10GQ==
    dependencies:
      find-up "^4.0.0"
  
  pkg-dir@^7.0.0:
    version "7.0.0"
    resolved "https://registry.npmjs.org/pkg-dir/-/pkg-dir-7.0.0.tgz#8f0c08d6df4476756c5ff29b3282d0bab7517d11"
    integrity sha512-Ie9z/WINcxxLp27BKOCHGde4ITq9UklYKDzVo1nhk5sqGEXU3FpkwP5GM2voTGJkGd9B3Otl+Q4uwSOeSUtOBA==
    dependencies:
      find-up "^6.3.0"
  
  postcss-modules-extract-imports@^3.1.0:
    version "3.1.0"
    resolved "https://registry.yarnpkg.com/postcss-modules-extract-imports/-/postcss-modules-extract-imports-3.1.0.tgz#b4497cb85a9c0c4b5aabeb759bb25e8d89f15002"
    integrity sha512-k3kNe0aNFQDAZGbin48pL2VNidTF0w4/eASDsxlyspobzU3wZQLOGj7L9gfRe0Jo9/4uud09DsjFNH7winGv8Q==
  
  postcss-modules-local-by-default@^4.0.5:
    version "4.0.5"
    resolved "https://registry.yarnpkg.com/postcss-modules-local-by-default/-/postcss-modules-local-by-default-4.0.5.tgz#f1b9bd757a8edf4d8556e8d0f4f894260e3df78f"
    integrity sha512-6MieY7sIfTK0hYfafw1OMEG+2bg8Q1ocHCpoWLqOKj3JXlKu4G7btkmM/B7lFubYkYWmRSPLZi5chid63ZaZYw==
    dependencies:
      icss-utils "^5.0.0"
      postcss-selector-parser "^6.0.2"
      postcss-value-parser "^4.1.0"
  
  postcss-modules-scope@^3.2.0:
    version "3.2.0"
    resolved "https://registry.yarnpkg.com/postcss-modules-scope/-/postcss-modules-scope-3.2.0.tgz#a43d28289a169ce2c15c00c4e64c0858e43457d5"
    integrity sha512-oq+g1ssrsZOsx9M96c5w8laRmvEu9C3adDSjI8oTcbfkrTE8hx/zfyobUoWIxaKPO8bt6S62kxpw5GqypEw1QQ==
    dependencies:
      postcss-selector-parser "^6.0.4"
  
  postcss-modules-values@^4.0.0:
    version "4.0.0"
    resolved "https://registry.yarnpkg.com/postcss-modules-values/-/postcss-modules-values-4.0.0.tgz#d7c5e7e68c3bb3c9b27cbf48ca0bb3ffb4602c9c"
    integrity sha512-RDxHkAiEGI78gS2ofyvCsu7iycRv7oqw5xMWn9iMoR0N/7mf9D50ecQqUo5BZ9Zh2vH4bCUR/ktCqbB9m8vJjQ==
    dependencies:
      icss-utils "^5.0.0"
  
  postcss-selector-parser@^6.0.2, postcss-selector-parser@^6.0.4:
    version "6.1.1"
    resolved "https://registry.yarnpkg.com/postcss-selector-parser/-/postcss-selector-parser-6.1.1.tgz#5be94b277b8955904476a2400260002ce6c56e38"
    integrity sha512-b4dlw/9V8A71rLIDsSwVmak9z2DuBUB7CA1/wSdelNEzqsjoSPeADTWNO09lpH49Diy3/JIZ2bSPB1dI3LJCHg==
    dependencies:
      cssesc "^3.0.0"
      util-deprecate "^1.0.2"
  
  postcss-value-parser@^4.1.0, postcss-value-parser@^4.2.0:
    version "4.2.0"
    resolved "https://registry.yarnpkg.com/postcss-value-parser/-/postcss-value-parser-4.2.0.tgz#723c09920836ba6d3e5af019f92bc0971c02e514"
    integrity sha512-1NNCs6uurfkVbeXG4S8JFT9t19m45ICnif8zWLd5oPSZ50QnwMfK+H3jv408d4jw/7Bttv5axS5IiHoLaVNHeQ==
  
  postcss@^8.4.33:
    version "8.4.41"
    resolved "https://registry.yarnpkg.com/postcss/-/postcss-8.4.41.tgz#d6104d3ba272d882fe18fc07d15dc2da62fa2681"
    integrity sha512-TesUflQ0WKZqAvg52PWL6kHgLKP6xB6heTOdoYM0Wt2UHyxNa4K25EZZMgKns3BH1RLVbZCREPpLY0rhnNoHVQ==
    dependencies:
      nanoid "^3.3.7"
      picocolors "^1.0.1"
      source-map-js "^1.2.0"
  
  postcss@^8.4.49:
    version "8.4.49"
    resolved "https://registry.npmjs.org/postcss/-/postcss-8.4.49.tgz#4ea479048ab059ab3ae61d082190fabfd994fe19"
    integrity sha512-OCVPnIObs4N29kxTjzLfUryOkvZEq+pf8jTF0lg8E7uETuWHA+v7j3c/xJmiqpX450191LlmZfUKkXxkTry7nA==
    dependencies:
      nanoid "^3.3.7"
      picocolors "^1.1.1"
      source-map-js "^1.2.1"
  
  process-nextick-args@~2.0.0:
    version "2.0.1"
    resolved "https://registry.yarnpkg.com/process-nextick-args/-/process-nextick-args-2.0.1.tgz#7820d9b16120cc55ca9ae7792680ae7dba6d7fe2"
    integrity sha512-3ouUOpQhtgrbOa17J7+uxOTpITYWaGP7/AhoR3+A+/1e9skrzelGi/dXzEYyvbxubEF6Wn2ypscTKiKJFFn1ag==
  
  proxy-addr@~2.0.7:
    version "2.0.7"
    resolved "https://registry.yarnpkg.com/proxy-addr/-/proxy-addr-2.0.7.tgz#f19fe69ceab311eeb94b42e70e8c2070f9ba1025"
    integrity sha512-llQsMLSUDUPT44jdrU/O37qlnifitDP+ZwrmmZcoSKyLKvtZxpyV0n2/bD/N4tBAAZ/gJEdZU7KMraoK1+XYAg==
    dependencies:
      forwarded "0.2.0"
      ipaddr.js "1.9.1"
  
  punycode@^2.1.0:
    version "2.3.1"
    resolved "https://registry.yarnpkg.com/punycode/-/punycode-2.3.1.tgz#027422e2faec0b25e1549c3e1bd8309b9133b6e5"
    integrity sha512-vYt7UD1U9Wg6138shLtLOvdAu+8DsC/ilFtEVHcH+wydcSpNE20AfSOduf6MkRFahL5FY7X1oU7nKVZFtfq8Fg==
  
  qs@6.13.0:
    version "6.13.0"
    resolved "https://registry.npmjs.org/qs/-/qs-6.13.0.tgz#6ca3bd58439f7e245655798997787b0d88a51906"
    integrity sha512-+38qI9SOr8tfZ4QmJNplMUxqjbe7LKvvZgWdExBOmd+egZTtjLB67Gu0HRX3u/XOq7UU2Nx6nsjvS16Z9uwfpg==
    dependencies:
      side-channel "^1.0.6"
  
  randombytes@^2.1.0:
    version "2.1.0"
    resolved "https://registry.yarnpkg.com/randombytes/-/randombytes-2.1.0.tgz#df6f84372f0270dc65cdf6291349ab7a473d4f2a"
    integrity sha512-vYl3iOX+4CKUWuxGi9Ukhie6fsqXqS9FE2Zaic4tNFD2N2QQaXOMFbuKK4QmDHC0JO6B1Zp41J0LpT0oR68amQ==
    dependencies:
      safe-buffer "^5.1.0"
  
  range-parser@^1.2.1, range-parser@~1.2.1:
    version "1.2.1"
    resolved "https://registry.yarnpkg.com/range-parser/-/range-parser-1.2.1.tgz#3cf37023d199e1c24d1a55b84800c2f3e6468031"
    integrity sha512-Hrgsx+orqoygnmhFbKaHE6c296J+HTAQXoxEF6gNupROmmGJRoyzfG3ccAveqCBrwr/2yxQ5BVd/GTl5agOwSg==
  
  raw-body@2.5.2:
    version "2.5.2"
    resolved "https://registry.yarnpkg.com/raw-body/-/raw-body-2.5.2.tgz#99febd83b90e08975087e8f1f9419a149366b68a"
    integrity sha512-8zGqypfENjCIqGhgXToC8aB2r7YrBX+AQAfIPs/Mlk+BtPTztOvTS01NRW/3Eh60J+a48lt8qsCzirQ6loCVfA==
    dependencies:
      bytes "3.1.2"
      http-errors "2.0.0"
      iconv-lite "0.4.24"
      unpipe "1.0.0"
  
  readable-stream@^2.0.1:
    version "2.3.8"
    resolved "https://registry.yarnpkg.com/readable-stream/-/readable-stream-2.3.8.tgz#91125e8042bba1b9887f49345f6277027ce8be9b"
    integrity sha512-8p0AUk4XODgIewSi0l8Epjs+EVnWiK7NoDIEGU0HhE7+ZyY8D1IMY7odu5lRrFXGg71L15KG8QrPmum45RTtdA==
    dependencies:
      core-util-is "~1.0.0"
      inherits "~2.0.3"
      isarray "~1.0.0"
      process-nextick-args "~2.0.0"
      safe-buffer "~5.1.1"
      string_decoder "~1.1.1"
      util-deprecate "~1.0.1"
  
  readable-stream@^3.0.6:
    version "3.6.2"
    resolved "https://registry.yarnpkg.com/readable-stream/-/readable-stream-3.6.2.tgz#56a9b36ea965c00c5a93ef31eb111a0f11056967"
    integrity sha512-9u/sniCrY3D5WdsERHzHE4G2YCXqoG5FTHUiCC4SIbr6XcLZBY05ya9EKjYek9O5xOAwjGq+1JdGBAS7Q9ScoA==
    dependencies:
      inherits "^2.0.3"
      string_decoder "^1.1.1"
      util-deprecate "^1.0.1"
  
  readdirp@~3.6.0:
    version "3.6.0"
    resolved "https://registry.yarnpkg.com/readdirp/-/readdirp-3.6.0.tgz#74a370bd857116e245b29cc97340cd431a02a6c7"
    integrity sha512-hOS089on8RduqdbhvQ5Z37A0ESjsqz6qnRcffsMU3495FuTdqSm+7bhJ29JvIOsBDEEnan5DPu9t3To9VRlMzA==
    dependencies:
      picomatch "^2.2.1"
  
  rechoir@^0.8.0:
    version "0.8.0"
    resolved "https://registry.npmjs.org/rechoir/-/rechoir-0.8.0.tgz#49f866e0d32146142da3ad8f0eff352b3215ff22"
    integrity sha512-/vxpCXddiX8NGfGO/mTafwjq4aFa/71pvamip0++IQk3zG8cbCj0fifNPrjjF1XMXUne91jL9OoxmdykoEtifQ==
    dependencies:
      resolve "^1.20.0"
  
  regenerate-unicode-properties@^10.1.0:
    version "10.1.1"
    resolved "https://registry.yarnpkg.com/regenerate-unicode-properties/-/regenerate-unicode-properties-10.1.1.tgz#6b0e05489d9076b04c436f318d9b067bba459480"
    integrity sha512-X007RyZLsCJVVrjgEFVpLUTZwyOZk3oiL75ZcuYjlIWd6rNJtOjkBwQc5AsRrpbKVkxN6sklw/k/9m2jJYOf8Q==
    dependencies:
      regenerate "^1.4.2"
  
  regenerate-unicode-properties@^10.2.0:
    version "10.2.0"
    resolved "https://registry.npmjs.org/regenerate-unicode-properties/-/regenerate-unicode-properties-10.2.0.tgz#626e39df8c372338ea9b8028d1f99dc3fd9c3db0"
    integrity sha512-DqHn3DwbmmPVzeKj9woBadqmXxLvQoQIwu7nopMc72ztvxVmVk2SBhSnx67zuye5TP+lJsb/TBQsjLKhnDf3MA==
    dependencies:
      regenerate "^1.4.2"
  
  regenerate@^1.4.2:
    version "1.4.2"
    resolved "https://registry.yarnpkg.com/regenerate/-/regenerate-1.4.2.tgz#b9346d8827e8f5a32f7ba29637d398b69014848a"
    integrity sha512-zrceR/XhGYU/d/opr2EKO7aRHUeiBI8qjtfHqADTwZd6Szfy16la6kqD0MIUs5z5hx6AaKa+PixpPrR289+I0A==
  
  regenerator-runtime@^0.14.0:
    version "0.14.1"
    resolved "https://registry.yarnpkg.com/regenerator-runtime/-/regenerator-runtime-0.14.1.tgz#356ade10263f685dda125100cd862c1db895327f"
    integrity sha512-dYnhHh0nJoMfnkZs6GmmhFknAGRrLznOu5nc9ML+EJxGvrx6H7teuevqVqCuPcPK//3eDrrjQhehXVx9cnkGdw==
  
  regenerator-transform@^0.15.2:
    version "0.15.2"
    resolved "https://registry.yarnpkg.com/regenerator-transform/-/regenerator-transform-0.15.2.tgz#5bbae58b522098ebdf09bca2f83838929001c7a4"
    integrity sha512-hfMp2BoF0qOk3uc5V20ALGDS2ddjQaLrdl7xrGXvAIow7qeWRM2VA2HuCHkUKk9slq3VwEwLNK3DFBqDfPGYtg==
    dependencies:
      "@babel/runtime" "^7.8.4"
  
  regexpu-core@^5.3.1:
    version "5.3.2"
    resolved "https://registry.yarnpkg.com/regexpu-core/-/regexpu-core-5.3.2.tgz#11a2b06884f3527aec3e93dbbf4a3b958a95546b"
    integrity sha512-RAM5FlZz+Lhmo7db9L298p2vHP5ZywrVXmVXpmAD9GuL5MPH6t9ROw1iA/wfHkQ76Qe7AaPF0nGuim96/IrQMQ==
    dependencies:
      "@babel/regjsgen" "^0.8.0"
      regenerate "^1.4.2"
      regenerate-unicode-properties "^10.1.0"
      regjsparser "^0.9.1"
      unicode-match-property-ecmascript "^2.0.0"
      unicode-match-property-value-ecmascript "^2.1.0"
  
  regexpu-core@^6.2.0:
    version "6.2.0"
    resolved "https://registry.npmjs.org/regexpu-core/-/regexpu-core-6.2.0.tgz#0e5190d79e542bf294955dccabae04d3c7d53826"
    integrity sha512-H66BPQMrv+V16t8xtmq+UC0CBpiTBA60V8ibS1QVReIp8T1z8hwFxqcGzm9K6lgsN7sB5edVH8a+ze6Fqm4weA==
    dependencies:
      regenerate "^1.4.2"
      regenerate-unicode-properties "^10.2.0"
      regjsgen "^0.8.0"
      regjsparser "^0.12.0"
      unicode-match-property-ecmascript "^2.0.0"
      unicode-match-property-value-ecmascript "^2.1.0"
  
  regjsgen@^0.8.0:
    version "0.8.0"
    resolved "https://registry.npmjs.org/regjsgen/-/regjsgen-0.8.0.tgz#df23ff26e0c5b300a6470cad160a9d090c3a37ab"
    integrity sha512-RvwtGe3d7LvWiDQXeQw8p5asZUmfU1G/l6WbUXeHta7Y2PEIvBTwH6E2EfmYUK8pxcxEdEmaomqyp0vZZ7C+3Q==
  
  regjsparser@^0.12.0:
    version "0.12.0"
    resolved "https://registry.npmjs.org/regjsparser/-/regjsparser-0.12.0.tgz#0e846df6c6530586429377de56e0475583b088dc"
    integrity sha512-cnE+y8bz4NhMjISKbgeVJtqNbtf5QpjZP+Bslo+UqkIt9QPnX9q095eiRRASJG1/tz6dlNr6Z5NsBiWYokp6EQ==
    dependencies:
      jsesc "~3.0.2"
  
  regjsparser@^0.9.1:
    version "0.9.1"
    resolved "https://registry.yarnpkg.com/regjsparser/-/regjsparser-0.9.1.tgz#272d05aa10c7c1f67095b1ff0addae8442fc5709"
    integrity sha512-dQUtn90WanSNl+7mQKcXAgZxvUe7Z0SqXlgzv0za4LwiUhyzBC58yQO3liFoUgu8GiJVInAhJjkj1N0EtQ5nkQ==
    dependencies:
      jsesc "~0.5.0"
  
  require-from-string@^2.0.2:
    version "2.0.2"
    resolved "https://registry.yarnpkg.com/require-from-string/-/require-from-string-2.0.2.tgz#89a7fdd938261267318eafe14f9c32e598c36909"
    integrity sha512-Xf0nWe6RseziFMu+Ap9biiUbmplq6S9/p+7w7YXP/JBHhrUDDUhwa+vANyubuqfZWTveU//DYVGsDG7RKL/vEw==
  
  requires-port@^1.0.0:
    version "1.0.0"
    resolved "https://registry.yarnpkg.com/requires-port/-/requires-port-1.0.0.tgz#925d2601d39ac485e091cf0da5c6e694dc3dcaff"
    integrity sha512-KigOCHcocU3XODJxsu8i/j8T9tzT4adHiecwORRQ0ZZFcp7ahwXuRU1m+yuO90C5ZUyGeGfocHDI14M3L3yDAQ==
  
  resolve-cwd@^3.0.0:
    version "3.0.0"
    resolved "https://registry.yarnpkg.com/resolve-cwd/-/resolve-cwd-3.0.0.tgz#0f0075f1bb2544766cf73ba6a6e2adfebcb13f2d"
    integrity sha512-OrZaX2Mb+rJCpH/6CpSqt9xFVpN++x01XnN2ie9g6P5/3xelLAkXWVADpdz1IHD/KFfEXyE6V0U01OQ3UO2rEg==
    dependencies:
      resolve-from "^5.0.0"
  
  resolve-from@^5.0.0:
    version "5.0.0"
    resolved "https://registry.yarnpkg.com/resolve-from/-/resolve-from-5.0.0.tgz#c35225843df8f776df21c57557bc087e9dfdfc69"
    integrity sha512-qYg9KP24dD5qka9J47d0aVky0N+b4fTU89LN9iDnjB5waksiC49rvMB0PrUJQGoTmH50XPiqOvAjDfaijGxYZw==
  
  resolve@^1.14.2:
    version "1.22.8"
    resolved "https://registry.yarnpkg.com/resolve/-/resolve-1.22.8.tgz#b6c87a9f2aa06dfab52e3d70ac8cde321fa5a48d"
    integrity sha512-oKWePCxqpd6FlLvGV1VU0x7bkPmmCNolxzjMf4NczoDnQcIWrAF+cPtZn5i6n+RfD2d9i0tzpKnG6Yk168yIyw==
    dependencies:
      is-core-module "^2.13.0"
      path-parse "^1.0.7"
      supports-preserve-symlinks-flag "^1.0.0"
  
  resolve@^1.20.0:
    version "1.22.10"
    resolved "https://registry.npmjs.org/resolve/-/resolve-1.22.10.tgz#b663e83ffb09bbf2386944736baae803029b8b39"
    integrity sha512-NPRy+/ncIMeDlTAsuqwKIiferiawhefFJtkNSW0qZJEqMEb+qBt/77B/jGeeek+F0uOeN05CDa6HXbbIgtVX4w==
    dependencies:
      is-core-module "^2.16.0"
      path-parse "^1.0.7"
      supports-preserve-symlinks-flag "^1.0.0"
  
  retry@^0.13.1:
    version "0.13.1"
    resolved "https://registry.yarnpkg.com/retry/-/retry-0.13.1.tgz#185b1587acf67919d63b357349e03537b2484658"
    integrity sha512-XQBQ3I8W1Cge0Seh+6gjj03LbmRFWuoszgK9ooCpwYIrhhoO80pfq4cUkU5DkknwfOfFteRwlZ56PYOGYyFWdg==
  
  rollup@^4.23.0:
    version "4.30.1"
    resolved "https://registry.npmjs.org/rollup/-/rollup-4.30.1.tgz#d5c3d066055259366cdc3eb6f1d051c5d6afaf74"
    integrity sha512-mlJ4glW020fPuLi7DkM/lN97mYEZGWeqBnrljzN0gs7GLctqX3lNWxKQ7Gl712UAX+6fog/L3jh4gb7R6aVi3w==
    dependencies:
      "@types/estree" "1.0.6"
    optionalDependencies:
      "@rollup/rollup-android-arm-eabi" "4.30.1"
      "@rollup/rollup-android-arm64" "4.30.1"
      "@rollup/rollup-darwin-arm64" "4.30.1"
      "@rollup/rollup-darwin-x64" "4.30.1"
      "@rollup/rollup-freebsd-arm64" "4.30.1"
      "@rollup/rollup-freebsd-x64" "4.30.1"
      "@rollup/rollup-linux-arm-gnueabihf" "4.30.1"
      "@rollup/rollup-linux-arm-musleabihf" "4.30.1"
      "@rollup/rollup-linux-arm64-gnu" "4.30.1"
      "@rollup/rollup-linux-arm64-musl" "4.30.1"
      "@rollup/rollup-linux-loongarch64-gnu" "4.30.1"
      "@rollup/rollup-linux-powerpc64le-gnu" "4.30.1"
      "@rollup/rollup-linux-riscv64-gnu" "4.30.1"
      "@rollup/rollup-linux-s390x-gnu" "4.30.1"
      "@rollup/rollup-linux-x64-gnu" "4.30.1"
      "@rollup/rollup-linux-x64-musl" "4.30.1"
      "@rollup/rollup-win32-arm64-msvc" "4.30.1"
      "@rollup/rollup-win32-ia32-msvc" "4.30.1"
      "@rollup/rollup-win32-x64-msvc" "4.30.1"
      fsevents "~2.3.2"
  
  run-applescript@^7.0.0:
    version "7.0.0"
    resolved "https://registry.npmjs.org/run-applescript/-/run-applescript-7.0.0.tgz#e5a553c2bffd620e169d276c1cd8f1b64778fbeb"
    integrity sha512-9by4Ij99JUr/MCFBUkDKLWK3G9HVXmabKz9U5MlIAIuvuzkiOicRYs8XJLxX+xahD+mLiiCYDqF9dKAgtzKP1A==
  
  safe-buffer@5.1.2, safe-buffer@~5.1.0, safe-buffer@~5.1.1:
    version "5.1.2"
    resolved "https://registry.yarnpkg.com/safe-buffer/-/safe-buffer-5.1.2.tgz#991ec69d296e0313747d59bdfd2b745c35f8828d"
    integrity sha512-Gd2UZBJDkXlY7GbJxfsE8/nvKkUEU1G38c1siN6QP6a9PT9MmHB8GnpscSmMJSoF8LOIrt8ud/wPtojys4G6+g==
  
  safe-buffer@5.2.1, safe-buffer@>=5.1.0, safe-buffer@^5.1.0, safe-buffer@~5.2.0:
    version "5.2.1"
    resolved "https://registry.yarnpkg.com/safe-buffer/-/safe-buffer-5.2.1.tgz#1eaf9fa9bdb1fdd4ec75f58f9cdb4e6b7827eec6"
    integrity sha512-rp3So07KcdmmKbGvgaNxQSJr7bGVSVk5S9Eq1F+ppbRo70+YeaDxkw5Dd8NPN+GD6bjnYm2VuPuCXmpuYvmCXQ==
  
  "safer-buffer@>= 2.1.2 < 3":
    version "2.1.2"
    resolved "https://registry.yarnpkg.com/safer-buffer/-/safer-buffer-2.1.2.tgz#44fa161b0187b9549dd84bb91802f9bd8385cd6a"
    integrity sha512-YZo3K82SD7Riyi0E1EQPojLz7kpepnSQI9IyPbHHg1XXXevb5dJI7tpyN2ADxGcQbHG7vcyRHk0cbwqcQriUtg==
  
  schema-utils@^3.1.1, schema-utils@^3.2.0:
    version "3.3.0"
    resolved "https://registry.yarnpkg.com/schema-utils/-/schema-utils-3.3.0.tgz#f50a88877c3c01652a15b622ae9e9795df7a60fe"
    integrity sha512-pN/yOAvcC+5rQ5nERGuwrjLlYvLTbCibnZ1I7B1LaiAz9BRBlE9GMgE/eqV30P7aJQUf7Ddimy/RsbYO/GrVGg==
    dependencies:
      "@types/json-schema" "^7.0.8"
      ajv "^6.12.5"
      ajv-keywords "^3.5.2"
  
  schema-utils@^4.0.0:
    version "4.2.0"
    resolved "https://registry.yarnpkg.com/schema-utils/-/schema-utils-4.2.0.tgz#70d7c93e153a273a805801882ebd3bff20d89c8b"
    integrity sha512-L0jRsrPpjdckP3oPug3/VxNKt2trR8TcabrM6FOAAlvC/9Phcmm+cuAgTlxBqdBR1WJx7Naj9WHw+aOmheSVbw==
    dependencies:
      "@types/json-schema" "^7.0.9"
      ajv "^8.9.0"
      ajv-formats "^2.1.1"
      ajv-keywords "^5.1.0"
  
  schema-utils@^4.2.0:
    version "4.3.0"
    resolved "https://registry.npmjs.org/schema-utils/-/schema-utils-4.3.0.tgz#3b669f04f71ff2dfb5aba7ce2d5a9d79b35622c0"
    integrity sha512-Gf9qqc58SpCA/xdziiHz35F4GNIWYWZrEshUc/G/r5BnLph6xpKuLeoJoQuj5WfBIx/eQLf+hmVPYHaxJu7V2g==
    dependencies:
      "@types/json-schema" "^7.0.9"
      ajv "^8.9.0"
      ajv-formats "^2.1.1"
      ajv-keywords "^5.1.0"
  
  select-hose@^2.0.0:
    version "2.0.0"
    resolved "https://registry.yarnpkg.com/select-hose/-/select-hose-2.0.0.tgz#625d8658f865af43ec962bfc376a37359a4994ca"
    integrity sha512-mEugaLK+YfkijB4fx0e6kImuJdCIt2LxCRcbEYPqRGCs4F2ogyfZU5IAZRdjCP8JPq2AtdNoC/Dux63d9Kiryg==
  
  selfsigned@^2.4.1:
    version "2.4.1"
    resolved "https://registry.npmjs.org/selfsigned/-/selfsigned-2.4.1.tgz#560d90565442a3ed35b674034cec4e95dceb4ae0"
    integrity sha512-th5B4L2U+eGLq1TVh7zNRGBapioSORUeymIydxgFpwww9d2qyKvtuPU2jJuHvYAwwqi2Y596QBL3eEqcPEYL8Q==
    dependencies:
      "@types/node-forge" "^1.3.0"
      node-forge "^1"
  
  semver@^5.6.0:
    version "5.7.2"
    resolved "https://registry.npmjs.org/semver/-/semver-5.7.2.tgz#48d55db737c3287cd4835e17fa13feace1c41ef8"
    integrity sha512-cBznnQ9KjJqU67B52RMC65CMarK2600WFnbkcaiwWq3xy/5haFJlshgnpjovMVJ+Hff49d8GEn0b87C5pDQ10g==
  
  semver@^6.3.1:
    version "6.3.1"
    resolved "https://registry.yarnpkg.com/semver/-/semver-6.3.1.tgz#556d2ef8689146e46dcea4bfdd095f3434dffcb4"
    integrity sha512-BR7VvDCVHO+q2xBEWskxS6DJE1qRnb7DxzUrogb71CWoSficBxYsiAGd+Kl0mmq/MprG9yArRkyrQxTO6XjMzA==
  
  semver@^7.5.4:
    version "7.6.3"
    resolved "https://registry.yarnpkg.com/semver/-/semver-7.6.3.tgz#980f7b5550bc175fb4dc09403085627f9eb33143"
    integrity sha512-oVekP1cKtI+CTDvHWYFUcMtsK/00wmAEfyqKfNdARm8u1wNVhSgaX7A8d4UuIlUI5e84iEwOhs7ZPYRmzU9U6A==
  
  send@0.19.0:
    version "0.19.0"
    resolved "https://registry.npmjs.org/send/-/send-0.19.0.tgz#bbc5a388c8ea6c048967049dbeac0e4a3f09d7f8"
    integrity sha512-dW41u5VfLXu8SJh5bwRmyYUbAoSB3c9uQh6L8h/KtsFREPWpbX1lrljJo186Jc4nmci/sGUZ9a0a0J2zgfq2hw==
    dependencies:
      debug "2.6.9"
      depd "2.0.0"
      destroy "1.2.0"
      encodeurl "~1.0.2"
      escape-html "~1.0.3"
      etag "~1.8.1"
      fresh "0.5.2"
      http-errors "2.0.0"
      mime "1.6.0"
      ms "2.1.3"
      on-finished "2.4.1"
      range-parser "~1.2.1"
      statuses "2.0.1"
  
  serialize-javascript@^6.0.1:
    version "6.0.2"
    resolved "https://registry.yarnpkg.com/serialize-javascript/-/serialize-javascript-6.0.2.tgz#defa1e055c83bf6d59ea805d8da862254eb6a6c2"
    integrity sha512-Saa1xPByTTq2gdeFZYLLo+RFE35NHZkAbqZeWNd3BpzppeVisAqpDjcp8dyf6uIvEqJRd46jemmyA4iFIeVk8g==
    dependencies:
      randombytes "^2.1.0"
  
  serve-index@^1.9.1:
    version "1.9.1"
    resolved "https://registry.yarnpkg.com/serve-index/-/serve-index-1.9.1.tgz#d3768d69b1e7d82e5ce050fff5b453bea12a9239"
    integrity sha512-pXHfKNP4qujrtteMrSBb0rc8HJ9Ms/GrXwcUtUtD5s4ewDJI8bT3Cz2zTVRMKtri49pLx2e0Ya8ziP5Ya2pZZw==
    dependencies:
      accepts "~1.3.4"
      batch "0.6.1"
      debug "2.6.9"
      escape-html "~1.0.3"
      http-errors "~1.6.2"
      mime-types "~2.1.17"
      parseurl "~1.3.2"
  
  serve-static@1.16.2:
    version "1.16.2"
    resolved "https://registry.npmjs.org/serve-static/-/serve-static-1.16.2.tgz#b6a5343da47f6bdd2673848bf45754941e803296"
    integrity sha512-VqpjJZKadQB/PEbEwvFdO43Ax5dFBZ2UECszz8bQ7pi7wt//PWe1P6MN7eCnjsatYtBT6EuiClbjSWP2WrIoTw==
    dependencies:
      encodeurl "~2.0.0"
      escape-html "~1.0.3"
      parseurl "~1.3.3"
      send "0.19.0"
  
  setprototypeof@1.1.0:
    version "1.1.0"
    resolved "https://registry.yarnpkg.com/setprototypeof/-/setprototypeof-1.1.0.tgz#d0bd85536887b6fe7c0d818cb962d9d91c54e656"
    integrity sha512-BvE/TwpZX4FXExxOxZyRGQQv651MSwmWKZGqvmPcRIjDqWub67kTKuIMx43cZZrS/cBBzwBcNDWoFxt2XEFIpQ==
  
  setprototypeof@1.2.0:
    version "1.2.0"
    resolved "https://registry.yarnpkg.com/setprototypeof/-/setprototypeof-1.2.0.tgz#66c9a24a73f9fc28cbe66b09fed3d33dcaf1b424"
    integrity sha512-E5LDX7Wrp85Kil5bhZv46j8jOeboKq5JMmYM3gVGdGH8xFpPWXUMsNrlODCrkoxMEeNi/XZIwuRvY4XNwYMJpw==
  
  shallow-clone@^3.0.0:
    version "3.0.1"
    resolved "https://registry.yarnpkg.com/shallow-clone/-/shallow-clone-3.0.1.tgz#8f2981ad92531f55035b01fb230769a40e02efa3"
    integrity sha512-/6KqX+GVUdqPuPPd2LxDDxzX6CAbjJehAAOKlNpqqUpAqPM6HeL8f+o3a+JsyGjn2lv0WY8UsTgUJjU9Ok55NA==
    dependencies:
      kind-of "^6.0.2"
  
  shebang-command@^2.0.0:
    version "2.0.0"
    resolved "https://registry.yarnpkg.com/shebang-command/-/shebang-command-2.0.0.tgz#ccd0af4f8835fbdc265b82461aaf0c36663f34ea"
    integrity sha512-kHxr2zZpYtdmrN1qDjrrX/Z1rR1kG8Dx+gkpK1G4eXmvXswmcE1hTWBWYUzlraYw1/yZp6YuDY77YtvbN0dmDA==
    dependencies:
      shebang-regex "^3.0.0"
  
  shebang-regex@^3.0.0:
    version "3.0.0"
    resolved "https://registry.yarnpkg.com/shebang-regex/-/shebang-regex-3.0.0.tgz#ae16f1644d873ecad843b0307b143362d4c42172"
    integrity sha512-7++dFhtcx3353uBaq8DDR4NuxBetBzC7ZQOhmTQInHEd6bSrXdiEyzCvG07Z44UYdLShWUyXt5M/yhz8ekcb1A==
  
  shell-quote@^1.8.1:
    version "1.8.1"
    resolved "https://registry.yarnpkg.com/shell-quote/-/shell-quote-1.8.1.tgz#6dbf4db75515ad5bac63b4f1894c3a154c766680"
    integrity sha512-6j1W9l1iAs/4xYBI1SYOVZyFcCis9b4KCLQ8fgAGG07QvzaRLVVRQvAy85yNmmZSjYjg4MWh4gNvlPujU/5LpA==
  
  side-channel-list@^1.0.0:
    version "1.0.0"
    resolved "https://registry.npmjs.org/side-channel-list/-/side-channel-list-1.0.0.tgz#10cb5984263115d3b7a0e336591e290a830af8ad"
    integrity sha512-FCLHtRD/gnpCiCHEiJLOwdmFP+wzCmDEkc9y7NsYxeF4u7Btsn1ZuwgwJGxImImHicJArLP4R0yX4c2KCrMrTA==
    dependencies:
      es-errors "^1.3.0"
      object-inspect "^1.13.3"
  
  side-channel-map@^1.0.1:
    version "1.0.1"
    resolved "https://registry.npmjs.org/side-channel-map/-/side-channel-map-1.0.1.tgz#d6bb6b37902c6fef5174e5f533fab4c732a26f42"
    integrity sha512-VCjCNfgMsby3tTdo02nbjtM/ewra6jPHmpThenkTYh8pG9ucZ/1P8So4u4FGBek/BjpOVsDCMoLA/iuBKIFXRA==
    dependencies:
      call-bound "^1.0.2"
      es-errors "^1.3.0"
      get-intrinsic "^1.2.5"
      object-inspect "^1.13.3"
  
  side-channel-weakmap@^1.0.2:
    version "1.0.2"
    resolved "https://registry.npmjs.org/side-channel-weakmap/-/side-channel-weakmap-1.0.2.tgz#11dda19d5368e40ce9ec2bdc1fb0ecbc0790ecea"
    integrity sha512-WPS/HvHQTYnHisLo9McqBHOJk2FkHO/tlpvldyrnem4aeQp4hai3gythswg6p01oSoTl58rcpiFAjF2br2Ak2A==
    dependencies:
      call-bound "^1.0.2"
      es-errors "^1.3.0"
      get-intrinsic "^1.2.5"
      object-inspect "^1.13.3"
      side-channel-map "^1.0.1"
  
  side-channel@^1.0.6:
    version "1.1.0"
    resolved "https://registry.npmjs.org/side-channel/-/side-channel-1.1.0.tgz#c3fcff9c4da932784873335ec9765fa94ff66bc9"
    integrity sha512-ZX99e6tRweoUXqR+VBrslhda51Nh5MTQwou5tnUDgbtyM0dBgmhEDtWGP/xbKn6hqfPRHujUNwz5fy/wbbhnpw==
    dependencies:
      es-errors "^1.3.0"
      object-inspect "^1.13.3"
      side-channel-list "^1.0.0"
      side-channel-map "^1.0.1"
      side-channel-weakmap "^1.0.2"
  
  slash@^2.0.0:
    version "2.0.0"
    resolved "https://registry.npmjs.org/slash/-/slash-2.0.0.tgz#de552851a1759df3a8f206535442f5ec4ddeab44"
    integrity sha512-ZYKh3Wh2z1PpEXWr0MpSBZ0V6mZHAQfYevttO11c51CaWjGTaadiKZ+wVt1PbMlDV5qhMFslpZCemhwOK7C89A==
  
  sockjs@^0.3.24:
    version "0.3.24"
    resolved "https://registry.yarnpkg.com/sockjs/-/sockjs-0.3.24.tgz#c9bc8995f33a111bea0395ec30aa3206bdb5ccce"
    integrity sha512-GJgLTZ7vYb/JtPSSZ10hsOYIvEYsjbNU+zPdIHcUaWVNUEPivzxku31865sSSud0Da0W4lEeOPlmw93zLQchuQ==
    dependencies:
      faye-websocket "^0.11.3"
      uuid "^8.3.2"
      websocket-driver "^0.7.4"
  
  source-map-js@^1.2.0:
    version "1.2.0"
    resolved "https://registry.yarnpkg.com/source-map-js/-/source-map-js-1.2.0.tgz#16b809c162517b5b8c3e7dcd315a2a5c2612b2af"
    integrity sha512-itJW8lvSA0TXEphiRoawsCksnlf8SyvmFzIhltqAHluXd88pkCd+cXJVHTDwdCr0IzwptSm035IHQktUu1QUMg==
  
  source-map-js@^1.2.1:
    version "1.2.1"
    resolved "https://registry.npmjs.org/source-map-js/-/source-map-js-1.2.1.tgz#1ce5650fddd87abc099eda37dcff024c2667ae46"
    integrity sha512-UXWMKhLOwVKb728IUtQPXxfYU+usdybtUrK/8uGE8CQMvrhOpwvzDBwj0QhSL7MQc7vIsISBG8VQ8+IDQxpfQA==
  
  source-map-support@~0.5.20:
    version "0.5.21"
    resolved "https://registry.yarnpkg.com/source-map-support/-/source-map-support-0.5.21.tgz#04fe7c7f9e1ed2d662233c28cb2b35b9f63f6e4f"
    integrity sha512-uBHU3L3czsIyYXKX88fdrGovxdSCoTGDRZ6SYXtSRxLZUzHg5P/66Ht6uoUlHu9EZod+inXhKo3qQgwXUT/y1w==
    dependencies:
      buffer-from "^1.0.0"
      source-map "^0.6.0"
  
  source-map@^0.6.0:
    version "0.6.1"
    resolved "https://registry.yarnpkg.com/source-map/-/source-map-0.6.1.tgz#74722af32e9614e9c287a8d0bbde48b5e2f1a263"
    integrity sha512-UjgapumWlbMhkBgzT7Ykc5YXUT46F0iKu8SGXq0bcwP5dz/h0Plj6enJqjz1Zbq2l5WaqYnrVbwWOWMyF3F47g==
  
  spdy-transport@^3.0.0:
    version "3.0.0"
    resolved "https://registry.yarnpkg.com/spdy-transport/-/spdy-transport-3.0.0.tgz#00d4863a6400ad75df93361a1608605e5dcdcf31"
    integrity sha512-hsLVFE5SjA6TCisWeJXFKniGGOpBgMLmerfO2aCyCU5s7nJ/rpAepqmFifv/GCbSbueEeAJJnmSQ2rKC/g8Fcw==
    dependencies:
      debug "^4.1.0"
      detect-node "^2.0.4"
      hpack.js "^2.1.6"
      obuf "^1.1.2"
      readable-stream "^3.0.6"
      wbuf "^1.7.3"
  
  spdy@^4.0.2:
    version "4.0.2"
    resolved "https://registry.yarnpkg.com/spdy/-/spdy-4.0.2.tgz#b74f466203a3eda452c02492b91fb9e84a27677b"
    integrity sha512-r46gZQZQV+Kl9oItvl1JZZqJKGr+oEkB08A6BzkiR7593/7IbtuncXHd2YoYeTsG4157ZssMu9KYvUHLcjcDoA==
    dependencies:
      debug "^4.1.0"
      handle-thing "^2.0.0"
      http-deceiver "^1.2.7"
      select-hose "^2.0.0"
      spdy-transport "^3.0.0"
  
  statuses@2.0.1:
    version "2.0.1"
    resolved "https://registry.yarnpkg.com/statuses/-/statuses-2.0.1.tgz#55cb000ccf1d48728bd23c685a063998cf1a1b63"
    integrity sha512-RwNA9Z/7PrK06rYLIzFMlaF+l73iwpzsqRIFgbMLbTcLD6cOao82TaWefPXQvB2fOC4AjuYSEndS7N/mTCbkdQ==
  
  "statuses@>= 1.4.0 < 2":
    version "1.5.0"
    resolved "https://registry.yarnpkg.com/statuses/-/statuses-1.5.0.tgz#161c7dac177659fd9811f43771fa99381478628c"
    integrity sha512-OpZ3zP+jT1PI7I8nemJX4AKmAX070ZkYPVWV/AaKTJl+tXCTGyVdC1a4SL8RUQYEwk/f34ZX8UTykN68FwrqAA==
  
  string_decoder@^1.1.1:
    version "1.3.0"
    resolved "https://registry.yarnpkg.com/string_decoder/-/string_decoder-1.3.0.tgz#42f114594a46cf1a8e30b0a84f56c78c3edac21e"
    integrity sha512-hkRX8U1WjJFd8LsDJ2yQ/wWWxaopEsABU1XfkM8A+j0+85JAGppt16cr1Whg6KIbb4okU6Mql6BOj+uup/wKeA==
    dependencies:
      safe-buffer "~5.2.0"
  
  string_decoder@~1.1.1:
    version "1.1.1"
    resolved "https://registry.yarnpkg.com/string_decoder/-/string_decoder-1.1.1.tgz#9cf1611ba62685d7030ae9e4ba34149c3af03fc8"
    integrity sha512-n/ShnvDi6FHbbVfviro+WojiFzv+s8MPMHBczVePfUpDJLwoLT0ht1l4YwBCbi8pJAveEEdnkHyPyTP/mzRfwg==
    dependencies:
      safe-buffer "~5.1.0"
  
  supports-color@^8.0.0:
    version "8.1.1"
    resolved "https://registry.yarnpkg.com/supports-color/-/supports-color-8.1.1.tgz#cd6fc17e28500cff56c1b86c0a7fd4a54a73005c"
    integrity sha512-MpUEN2OodtUzxvKQl72cUF7RQ5EiHsGvSsVG0ia9c5RbWGL2CI4C7EpPS8UTBIplnlzZiNuV56w+FuNxy3ty2Q==
    dependencies:
      has-flag "^4.0.0"
  
  supports-preserve-symlinks-flag@^1.0.0:
    version "1.0.0"
    resolved "https://registry.yarnpkg.com/supports-preserve-symlinks-flag/-/supports-preserve-symlinks-flag-1.0.0.tgz#6eda4bd344a3c94aea376d4cc31bc77311039e09"
    integrity sha512-ot0WnXS9fgdkgIcePe6RHNk1WA8+muPa6cSjeR3V8K27q9BB1rTE3R1p7Hv0z1ZyAc8s6Vvv8DIyWf681MAt0w==
  
  tapable@^2.1.1, tapable@^2.2.0, tapable@^2.2.1:
    version "2.2.1"
    resolved "https://registry.yarnpkg.com/tapable/-/tapable-2.2.1.tgz#1967a73ef4060a82f12ab96af86d52fdb76eeca0"
    integrity sha512-GNzQvQTOIP6RyTfE2Qxb8ZVlNmw0n88vp1szwWRimP02mnTsx3Wtn5qRdqY9w2XduFNUgvOwhNnQsjwCp+kqaQ==
  
  terser-webpack-plugin@^5.3.10:
    version "5.3.10"
    resolved "https://registry.yarnpkg.com/terser-webpack-plugin/-/terser-webpack-plugin-5.3.10.tgz#904f4c9193c6fd2a03f693a2150c62a92f40d199"
    integrity sha512-BKFPWlPDndPs+NGGCr1U59t0XScL5317Y0UReNrHaw9/FwhPENlq6bfgs+4yPfyP51vqC1bQ4rp1EfXW5ZSH9w==
    dependencies:
      "@jridgewell/trace-mapping" "^0.3.20"
      jest-worker "^27.4.5"
      schema-utils "^3.1.1"
      serialize-javascript "^6.0.1"
      terser "^5.26.0"
  
  terser@^5.26.0:
    version "5.31.5"
    resolved "https://registry.yarnpkg.com/terser/-/terser-5.31.5.tgz#e48b7c65f32d2808e7dad803e4586a0bc3829b87"
    integrity sha512-YPmas0L0rE1UyLL/llTWA0SiDOqIcAQYLeUj7cJYzXHlRTAnMSg9pPe4VJ5PlKvTrPQsdVFuiRiwyeNlYgwh2Q==
    dependencies:
      "@jridgewell/source-map" "^0.3.3"
      acorn "^8.8.2"
      commander "^2.20.0"
      source-map-support "~0.5.20"
  
  thingies@^1.20.0:
    version "1.21.0"
    resolved "https://registry.npmjs.org/thingies/-/thingies-1.21.0.tgz#e80fbe58fd6fdaaab8fad9b67bd0a5c943c445c1"
    integrity sha512-hsqsJsFMsV+aD4s3CWKk85ep/3I9XzYV/IXaSouJMYIoDlgyi11cBhsqYe9/geRfB0YIikBQg6raRaM+nIMP9g==
  
  thunky@^1.0.2:
    version "1.1.0"
    resolved "https://registry.yarnpkg.com/thunky/-/thunky-1.1.0.tgz#5abaf714a9405db0504732bbccd2cedd9ef9537d"
    integrity sha512-eHY7nBftgThBqOyHGVN+l8gF0BucP09fMo0oO/Lb0w1OF80dJv+lDVpXG60WMQvkcxAkNybKsrEIE3ZtKGmPrA==
  
  to-fast-properties@^2.0.0:
    version "2.0.0"
    resolved "https://registry.yarnpkg.com/to-fast-properties/-/to-fast-properties-2.0.0.tgz#dc5e698cbd079265bc73e0377681a4e4e83f616e"
    integrity sha512-/OaKK0xYrs3DmxRYqL/yDc+FxFUVYhDlXMhRmv3z915w2HF1tnN1omB354j8VUGO/hbRzyD6Y3sA7v7GS/ceog==
  
  to-regex-range@^5.0.1:
    version "5.0.1"
    resolved "https://registry.yarnpkg.com/to-regex-range/-/to-regex-range-5.0.1.tgz#1648c44aae7c8d988a326018ed72f5b4dd0392e4"
    integrity sha512-65P7iz6X5yEr1cwcgvQxbbIw7Uk3gOy5dIdtZ4rDveLqhrdJP+Li/Hx6tyK0NEb+2GCyneCMJiGqrADCSNk8sQ==
    dependencies:
      is-number "^7.0.0"
  
  toidentifier@1.0.1:
    version "1.0.1"
    resolved "https://registry.yarnpkg.com/toidentifier/-/toidentifier-1.0.1.tgz#3be34321a88a820ed1bd80dfaa33e479fbb8dd35"
    integrity sha512-o5sSPKEkg/DIQNmH43V0/uerLrpzVedkUh8tGNvaeXpfpuwjKenlSox/2O/BTlZUtEe+JG7s5YhEz608PlAHRA==
  
  tree-dump@^1.0.1:
    version "1.0.2"
    resolved "https://registry.npmjs.org/tree-dump/-/tree-dump-1.0.2.tgz#c460d5921caeb197bde71d0e9a7b479848c5b8ac"
    integrity sha512-dpev9ABuLWdEubk+cIaI9cHwRNNDjkBBLXTwI4UCUFdQ5xXKqNXoK4FEciw/vxf+NQ7Cb7sGUyeUtORvHIdRXQ==
  
  tslib@^2.0.0:
    version "2.8.1"
    resolved "https://registry.npmjs.org/tslib/-/tslib-2.8.1.tgz#612efe4ed235d567e8aba5f2a5fab70280ade83f"
    integrity sha512-oJFu94HQb+KVduSUQL7wnpmqnfmLsOA/nAh6b6EH0wCEoK0/mPeXU6c3wKDV83MkOuHPRHtSXKKU99IBazS/2w==
  
  type-is@~1.6.18:
    version "1.6.18"
    resolved "https://registry.yarnpkg.com/type-is/-/type-is-1.6.18.tgz#4e552cd05df09467dcbc4ef739de89f2cf37c131"
    integrity sha512-TkRKr9sUTxEH8MdfuCSP7VizJyzRNMjj2J2do2Jr3Kym598JVdEksuzPQCnlFPW4ky9Q+iA+ma9BGm06XQBy8g==
    dependencies:
      media-typer "0.3.0"
      mime-types "~2.1.24"
  
  undici-types@~6.13.0:
    version "6.13.0"
    resolved "https://registry.yarnpkg.com/undici-types/-/undici-types-6.13.0.tgz#e3e79220ab8c81ed1496b5812471afd7cf075ea5"
    integrity sha512-xtFJHudx8S2DSoujjMd1WeWvn7KKWFRESZTMeL1RptAYERu29D6jphMjjY+vn96jvN3kVPDNxU/E13VTaXj6jg==
  
  unicode-canonical-property-names-ecmascript@^2.0.0:
    version "2.0.0"
    resolved "https://registry.yarnpkg.com/unicode-canonical-property-names-ecmascript/-/unicode-canonical-property-names-ecmascript-2.0.0.tgz#301acdc525631670d39f6146e0e77ff6bbdebddc"
    integrity sha512-yY5PpDlfVIU5+y/BSCxAJRBIS1Zc2dDG3Ujq+sR0U+JjUevW2JhocOF+soROYDSaAezOzOKuyyixhD6mBknSmQ==
  
  unicode-match-property-ecmascript@^2.0.0:
    version "2.0.0"
    resolved "https://registry.yarnpkg.com/unicode-match-property-ecmascript/-/unicode-match-property-ecmascript-2.0.0.tgz#54fd16e0ecb167cf04cf1f756bdcc92eba7976c3"
    integrity sha512-5kaZCrbp5mmbz5ulBkDkbY0SsPOjKqVS35VpL9ulMPfSl0J0Xsm+9Evphv9CoIZFwre7aJoa94AY6seMKGVN5Q==
    dependencies:
      unicode-canonical-property-names-ecmascript "^2.0.0"
      unicode-property-aliases-ecmascript "^2.0.0"
  
  unicode-match-property-value-ecmascript@^2.1.0:
    version "2.1.0"
    resolved "https://registry.yarnpkg.com/unicode-match-property-value-ecmascript/-/unicode-match-property-value-ecmascript-2.1.0.tgz#cb5fffdcd16a05124f5a4b0bf7c3770208acbbe0"
    integrity sha512-qxkjQt6qjg/mYscYMC0XKRn3Rh0wFPlfxB0xkt9CfyTvpX1Ra0+rAmdX2QyAobptSEvuy4RtpPRui6XkV+8wjA==
  
  unicode-property-aliases-ecmascript@^2.0.0:
    version "2.1.0"
    resolved "https://registry.yarnpkg.com/unicode-property-aliases-ecmascript/-/unicode-property-aliases-ecmascript-2.1.0.tgz#43d41e3be698bd493ef911077c9b131f827e8ccd"
    integrity sha512-6t3foTQI9qne+OZoVQB/8x8rk2k1eVy1gRXhV3oFQ5T6R1dqQ1xtin3XqSlx3+ATBkliTaR/hHyJBm+LVPNM8w==
  
  unpipe@1.0.0, unpipe@~1.0.0:
    version "1.0.0"
    resolved "https://registry.yarnpkg.com/unpipe/-/unpipe-1.0.0.tgz#b2bf4ee8514aae6165b4817829d21b2ef49904ec"
    integrity sha512-pjy2bYhSsufwWlKwPc+l3cN7+wuJlK6uz0YdJEOlQDbl6jo/YlPi4mb8agUkVC8BF7V8NuzeyPNqRksA3hztKQ==
  
  update-browserslist-db@^1.1.0:
    version "1.1.0"
    resolved "https://registry.yarnpkg.com/update-browserslist-db/-/update-browserslist-db-1.1.0.tgz#7ca61c0d8650766090728046e416a8cde682859e"
    integrity sha512-EdRAaAyk2cUE1wOf2DkEhzxqOQvFOoRJFNS6NeyJ01Gp2beMRpBAINjM2iDXE3KCuKhwnvHIQCJm6ThL2Z+HzQ==
    dependencies:
      escalade "^3.1.2"
      picocolors "^1.0.1"
  
  update-browserslist-db@^1.1.1:
    version "1.1.1"
    resolved "https://registry.npmjs.org/update-browserslist-db/-/update-browserslist-db-1.1.1.tgz#80846fba1d79e82547fb661f8d141e0945755fe5"
    integrity sha512-R8UzCaa9Az+38REPiJ1tXlImTJXlVfgHZsglwBD/k6nj76ctsH1E3q4doGrukiLQd3sGQYu56r5+lo5r94l29A==
    dependencies:
      escalade "^3.2.0"
      picocolors "^1.1.0"
  
  uri-js@^4.2.2:
    version "4.4.1"
    resolved "https://registry.yarnpkg.com/uri-js/-/uri-js-4.4.1.tgz#9b1a52595225859e55f669d928f88c6c57f2a77e"
    integrity sha512-7rKUyy33Q1yc98pQ1DAmLtwX109F7TIfWlW1Ydo8Wl1ii1SeHieeh0HHfPeL2fMXK6z0s8ecKs9frCuLJvndBg==
    dependencies:
      punycode "^2.1.0"
  
  util-deprecate@^1.0.1, util-deprecate@^1.0.2, util-deprecate@~1.0.1:
    version "1.0.2"
    resolved "https://registry.yarnpkg.com/util-deprecate/-/util-deprecate-1.0.2.tgz#450d4dc9fa70de732762fbd2d4a28981419a0ccf"
    integrity sha512-EPD5q1uXyFxJpCrLnCc1nHnq3gOa6DZBocAIiI2TaSCA7VCJ1UJDMagCzIkXNsUYfD1daK//LTEQ8xiIbrHtcw==
  
  utils-merge@1.0.1:
    version "1.0.1"
    resolved "https://registry.yarnpkg.com/utils-merge/-/utils-merge-1.0.1.tgz#9f95710f50a267947b2ccc124741c1028427e713"
    integrity sha512-pMZTvIkT1d+TFGvDOqodOclx0QWkkgi6Tdoa8gC8ffGAAqz9pzPTZWAybbsHHoED/ztMtkv/VoYTYyShUn81hA==
  
  uuid@^8.3.2:
    version "8.3.2"
    resolved "https://registry.yarnpkg.com/uuid/-/uuid-8.3.2.tgz#80d5b5ced271bb9af6c445f21a1a04c606cefbe2"
    integrity sha512-+NYs2QeMWy+GWFOEm9xnn6HCDp0l7QBD7ml8zLUmJ+93Q5NF0NocErnwkTkXVFNiX3/fpC6afS8Dhb/gz7R7eg==
  
  vary@~1.1.2:
    version "1.1.2"
    resolved "https://registry.yarnpkg.com/vary/-/vary-1.1.2.tgz#2299f02c6ded30d4a5961b0b9f74524a18f634fc"
    integrity sha512-BNGbWLfd0eUPabhkXUVm0j8uuvREyTh5ovRa/dyow/BqAbZJyC+5fU+IzQOzmAKzYqYRAISoRhdQr3eIZ/PXqg==
  
  vite@^6.0.7:
    version "6.0.7"
    resolved "https://registry.npmjs.org/vite/-/vite-6.0.7.tgz#f0f8c120733b04af52b4a1e3e7cb54eb851a799b"
    integrity sha512-RDt8r/7qx9940f8FcOIAH9PTViRrghKaK2K1jY3RaAURrEUbm9Du1mJ72G+jlhtG3WwodnfzY8ORQZbBavZEAQ==
    dependencies:
      esbuild "^0.24.2"
      postcss "^8.4.49"
      rollup "^4.23.0"
    optionalDependencies:
      fsevents "~2.3.3"
  
  watchpack@^2.4.1:
    version "2.4.1"
    resolved "https://registry.yarnpkg.com/watchpack/-/watchpack-2.4.1.tgz#29308f2cac150fa8e4c92f90e0ec954a9fed7fff"
    integrity sha512-8wrBCMtVhqcXP2Sup1ctSkga6uc2Bx0IIvKyT7yTFier5AXHooSI+QyQQAtTb7+E0IUCCKyTFmXqdqgum2XWGg==
    dependencies:
      glob-to-regexp "^0.4.1"
      graceful-fs "^4.1.2"
  
  wbuf@^1.1.0, wbuf@^1.7.3:
    version "1.7.3"
    resolved "https://registry.yarnpkg.com/wbuf/-/wbuf-1.7.3.tgz#c1d8d149316d3ea852848895cb6a0bfe887b87df"
    integrity sha512-O84QOnr0icsbFGLS0O3bI5FswxzRr8/gHwWkDlQFskhSPryQXvrTMxjxGP4+iWYoauLoBvfDpkrOauZ+0iZpDA==
    dependencies:
      minimalistic-assert "^1.0.0"
  
  webpack-cli@^6.0.1:
    version "6.0.1"
    resolved "https://registry.npmjs.org/webpack-cli/-/webpack-cli-6.0.1.tgz#a1ce25da5ba077151afd73adfa12e208e5089207"
    integrity sha512-MfwFQ6SfwinsUVi0rNJm7rHZ31GyTcpVE5pgVA3hwFRb7COD4TzjUUwhGWKfO50+xdc2MQPuEBBJoqIMGt3JDw==
    dependencies:
      "@discoveryjs/json-ext" "^0.6.1"
      "@webpack-cli/configtest" "^3.0.1"
      "@webpack-cli/info" "^3.0.1"
      "@webpack-cli/serve" "^3.0.1"
      colorette "^2.0.14"
      commander "^12.1.0"
      cross-spawn "^7.0.3"
      envinfo "^7.14.0"
      fastest-levenshtein "^1.0.12"
      import-local "^3.0.2"
      interpret "^3.1.1"
      rechoir "^0.8.0"
      webpack-merge "^6.0.1"
  
  webpack-dev-middleware@^7.4.2:
    version "7.4.2"
    resolved "https://registry.npmjs.org/webpack-dev-middleware/-/webpack-dev-middleware-7.4.2.tgz#40e265a3d3d26795585cff8207630d3a8ff05877"
    integrity sha512-xOO8n6eggxnwYpy1NlzUKpvrjfJTvae5/D6WOK0S2LSo7vjmo5gCM1DbLUmFqrMTJP+W/0YZNctm7jasWvLuBA==
    dependencies:
      colorette "^2.0.10"
      memfs "^4.6.0"
      mime-types "^2.1.31"
      on-finished "^2.4.1"
      range-parser "^1.2.1"
      schema-utils "^4.0.0"
  
  webpack-dev-server@^5.2.0:
    version "5.2.0"
    resolved "https://registry.npmjs.org/webpack-dev-server/-/webpack-dev-server-5.2.0.tgz#68043886edaa3fd875ad20e01589990a79612f9c"
    integrity sha512-90SqqYXA2SK36KcT6o1bvwvZfJFcmoamqeJY7+boioffX9g9C0wjjJRGUrQIuh43pb0ttX7+ssavmj/WN2RHtA==
    dependencies:
      "@types/bonjour" "^3.5.13"
      "@types/connect-history-api-fallback" "^1.5.4"
      "@types/express" "^4.17.21"
      "@types/serve-index" "^1.9.4"
      "@types/serve-static" "^1.15.5"
      "@types/sockjs" "^0.3.36"
      "@types/ws" "^8.5.10"
      ansi-html-community "^0.0.8"
      bonjour-service "^1.2.1"
      chokidar "^3.6.0"
      colorette "^2.0.10"
      compression "^1.7.4"
      connect-history-api-fallback "^2.0.0"
      express "^4.21.2"
      graceful-fs "^4.2.6"
      http-proxy-middleware "^2.0.7"
      ipaddr.js "^2.1.0"
      launch-editor "^2.6.1"
      open "^10.0.3"
      p-retry "^6.2.0"
      schema-utils "^4.2.0"
      selfsigned "^2.4.1"
      serve-index "^1.9.1"
      sockjs "^0.3.24"
      spdy "^4.0.2"
      webpack-dev-middleware "^7.4.2"
      ws "^8.18.0"
  
  webpack-merge@^6.0.1:
    version "6.0.1"
    resolved "https://registry.npmjs.org/webpack-merge/-/webpack-merge-6.0.1.tgz#50c776868e080574725abc5869bd6e4ef0a16c6a"
    integrity sha512-hXXvrjtx2PLYx4qruKl+kyRSLc52V+cCvMxRjmKwoA+CBbbF5GfIBtR6kCvl0fYGqTUPKB+1ktVmTHqMOzgCBg==
    dependencies:
      clone-deep "^4.0.1"
      flat "^5.0.2"
      wildcard "^2.0.1"
  
  webpack-sources@^3.2.3:
    version "3.2.3"
    resolved "https://registry.yarnpkg.com/webpack-sources/-/webpack-sources-3.2.3.tgz#2d4daab8451fd4b240cc27055ff6a0c2ccea0cde"
    integrity sha512-/DyMEOrDgLKKIG0fmvtz+4dUX/3Ghozwgm6iPp8KRhvn+eQf9+Q7GWxVNMk3+uCPWfdXYC4ExGBckIXdFEfH1w==
  
  webpack@^5.97.1:
    version "5.97.1"
    resolved "https://registry.npmjs.org/webpack/-/webpack-5.97.1.tgz#972a8320a438b56ff0f1d94ade9e82eac155fa58"
    integrity sha512-EksG6gFY3L1eFMROS/7Wzgrii5mBAFe4rIr3r2BTfo7bcc+DWwFZ4OJ/miOuHJO/A85HwyI4eQ0F6IKXesO7Fg==
    dependencies:
      "@types/eslint-scope" "^3.7.7"
      "@types/estree" "^1.0.6"
      "@webassemblyjs/ast" "^1.14.1"
      "@webassemblyjs/wasm-edit" "^1.14.1"
      "@webassemblyjs/wasm-parser" "^1.14.1"
      acorn "^8.14.0"
      browserslist "^4.24.0"
      chrome-trace-event "^1.0.2"
      enhanced-resolve "^5.17.1"
      es-module-lexer "^1.2.1"
      eslint-scope "5.1.1"
      events "^3.2.0"
      glob-to-regexp "^0.4.1"
      graceful-fs "^4.2.11"
      json-parse-even-better-errors "^2.3.1"
      loader-runner "^4.2.0"
      mime-types "^2.1.27"
      neo-async "^2.6.2"
      schema-utils "^3.2.0"
      tapable "^2.1.1"
      terser-webpack-plugin "^5.3.10"
      watchpack "^2.4.1"
      webpack-sources "^3.2.3"
  
  websocket-driver@>=0.5.1, websocket-driver@^0.7.4:
    version "0.7.4"
    resolved "https://registry.yarnpkg.com/websocket-driver/-/websocket-driver-0.7.4.tgz#89ad5295bbf64b480abcba31e4953aca706f5760"
    integrity sha512-b17KeDIQVjvb0ssuSDF2cYXSg2iztliJ4B9WdsuB6J952qCPKmnVq4DyW5motImXHDC1cBT/1UezrJVsKw5zjg==
    dependencies:
      http-parser-js ">=0.5.1"
      safe-buffer ">=5.1.0"
      websocket-extensions ">=0.1.1"
  
  websocket-extensions@>=0.1.1:
    version "0.1.4"
    resolved "https://registry.yarnpkg.com/websocket-extensions/-/websocket-extensions-0.1.4.tgz#7f8473bc839dfd87608adb95d7eb075211578a42"
    integrity sha512-OqedPIGOfsDlo31UNwYbCFMSaO9m9G/0faIHj5/dZFDMFqPTcx6UwqyOy3COEaEOg/9VsGIpdqn62W5KhoKSpg==
  
  which@^2.0.1:
    version "2.0.2"
    resolved "https://registry.yarnpkg.com/which/-/which-2.0.2.tgz#7c6a8dd0a636a0327e10b59c9286eee93f3f51b1"
    integrity sha512-BLI3Tl1TW3Pvl70l3yq3Y64i+awpwXqsGBYWkkqMtnbXgrMD+yj7rhW0kuEDxzJaYXGjEW5ogapKNMEKNMjibA==
    dependencies:
      isexe "^2.0.0"
  
  wildcard@^2.0.1:
    version "2.0.1"
    resolved "https://registry.npmjs.org/wildcard/-/wildcard-2.0.1.tgz#5ab10d02487198954836b6349f74fff961e10f67"
    integrity sha512-CC1bOL87PIWSBhDcTrdeLo6eGT7mCFtrg0uIJtqJUFyK+eJnzl8A1niH56uu7KMa5XFrtiV+AQuHO3n7DsHnLQ==
  
  wrappy@1:
    version "1.0.2"
    resolved "https://registry.npmjs.org/wrappy/-/wrappy-1.0.2.tgz#b5243d8f3ec1aa35f1364605bc0d1036e30ab69f"
    integrity sha512-l4Sp/DRseor9wL6EvV2+TuQn63dMkPjZ/sp9XkghTEbV9KlPS1xUsZ3u7/IQO4wxtcFB4bgpQPRcR3QCvezPcQ==
  
  ws@^8.18.0:
    version "8.18.0"
    resolved "https://registry.npmjs.org/ws/-/ws-8.18.0.tgz#0d7505a6eafe2b0e712d232b42279f53bc289bbc"
    integrity sha512-8VbfWfHLbbwu3+N6OKsOMpBdT4kXPDDB9cJk2bJ6mh9ucxdlnNvH1e+roYkKmN9Nxw2yjz7VzeO9oOz2zJ04Pw==
  
  yallist@^3.0.2:
    version "3.1.1"
    resolved "https://registry.yarnpkg.com/yallist/-/yallist-3.1.1.tgz#dbb7daf9bfd8bac9ab45ebf602b8cbad0d5d08fd"
    integrity sha512-a4UGQaWPH59mOXUYnAG2ewncQS4i4F43Tv3JoAM+s2VDAmS9NsK8GpDMLrCHPksFT7h3K6TOoUNn2pb7RoXx4g==
  
  yocto-queue@^1.0.0:
    version "1.1.1"
    resolved "https://registry.npmjs.org/yocto-queue/-/yocto-queue-1.1.1.tgz#fef65ce3ac9f8a32ceac5a634f74e17e5b232110"
    integrity sha512-b4JR1PFR10y1mKjhHY9LaGo6tmrgjit7hxVIeAmyMw3jegXR4dhYqLaQF5zMXZxY7tLpMyJeLjr1C4rLmkVe8g==
